station,day,max_dewpoint_f,precip_in,avg_wind_speed_kts,max_rh
DSM,2021-01-01,19.4,0.0,6.6807046,92.62583
DSM,2021-01-02,16.0,0.0,2.3802588,91.52417
DSM,2021-01-03,27.0,0.0,6.35036,100.0
DSM,2021-01-04,30.0,0.0,8.531228,100.0
DSM,2021-01-05,27.0,0.0,4.4893775,100.0
DSM,2021-01-06,28.9,0.0001,8.116376,92.49329
DSM,2021-01-07,28.0,0.0,6.081176,96.37933
DSM,2021-01-08,24.1,0.0,5.428173,85.07912
DSM,2021-01-09,19.9,0.0001,4.5976205,88.39731
DSM,2021-01-10,25.0,0.0001,6.374734,91.90275
DSM,2021-01-11,30.0,0.0,9.148432,84.6589
DSM,2021-01-12,30.0,0.0,4.8745646,87.86777
DSM,2021-01-13,30.0,0.0,5.5066204,82.1482
DSM,2021-01-14,35.0,0.22,14.055092,92.32428
DSM,2021-01-15,30.9,0.21,14.5481615,92.49329
DSM,2021-01-16,27.0,0.0001,13.175425,89.1155
DSM,2021-01-17,25.0,0.04,8.049822,92.01395
DSM,2021-01-18,23.0,0.0,3.839325,91.829796
DSM,2021-01-19,28.9,0.01,10.775216,91.97475
DSM,2021-01-20,28.9,0.0,10.404479,87.48126
DSM,2021-01-21,25.0,0.0001,10.794979,72.18179
DSM,2021-01-22,12.0,0.0,5.4223,66.674126
DSM,2021-01-23,23.0,0.02,7.0686855,87.86777
DSM,2021-01-24,25.0,0.0001,5.9433565,85.1362
DSM,2021-01-25,21.0,0.59,12.332298,91.86275
DSM,2021-01-26,16.0,0.18,10.586414,87.865425
DSM,2021-01-27,10.9,0.0,5.0245614,76.92418
DSM,2021-01-28,18.0,0.0,5.3003483,87.718124
DSM,2021-01-29,28.0,0.0,7.6445994,84.0537
DSM,2021-01-30,30.9,0.09,9.963147,95.65159
DSM,2021-01-31,27.0,0.0001,12.931547,88.43512
DSM,2021-02-01,21.0,0.0001,7.2785163,87.379036
DSM,2021-02-02,19.9,0.0,3.4940767,96.19435
DSM,2021-02-03,30.0,0.0,9.954704,92.18507
DSM,2021-02-04,30.9,0.15,14.153788,92.46329
DSM,2021-02-05,10.0,0.0001,12.920698,73.20055
DSM,2021-02-06,1.9,0.13,7.197732,79.31644
DSM,2021-02-07,-8.0,0.08,5.9944253,79.15584
DSM,2021-02-08,-3.0,0.02,6.036237,82.420685
DSM,2021-02-09,-6.0,0.0,2.7379792,82.5079
DSM,2021-02-10,0.0,0.0001,5.852162,72.40862
DSM,2021-02-11,-4.0,0.01,9.230434,75.14798
DSM,2021-02-12,-11.0,0.02,10.281442,74.74893
DSM,2021-02-13,-8.0,0.05,8.726748,74.869316
DSM,2021-02-14,-16.1,0.0001,10.54631,63.79298
DSM,2021-02-15,-16.1,0.0,9.684691,66.52712
DSM,2021-02-16,-9.9,0.0,4.2397213,69.58848
DSM,2021-02-17,8.1,0.02,4.8529615,85.04676
DSM,2021-02-18,10.9,0.0001,4.027178,91.33503
DSM,2021-02-19,16.0,0.0001,4.70662,82.58386
DSM,2021-02-20,21.9,0.0,6.408647,84.07205
DSM,2021-02-21,28.9,0.24,8.247525,95.612465
DSM,2021-02-22,30.9,0.0,10.488571,92.01395
DSM,2021-02-23,34.0,0.0,7.7860627,81.55437
DSM,2021-02-24,32.0,0.0,11.041789,87.80954
DSM,2021-02-25,30.9,0.0,4.496167,88.334496
DSM,2021-02-26,30.0,0.0,8.27108,84.6589
DSM,2021-02-27,36.0,0.0,6.754704,88.43512
DSM,2021-02-28,35.0,0.0,11.014184,92.35433
DSM,2021-03-01,24.1,0.0,6.0076923,88.39731
DSM,2021-03-02,30.0,0.0,10.253658,84.68373
DSM,2021-03-03,38.0,0.0,3.0222998,82.07766
DSM,2021-03-04,37.0,0.0,7.441115,88.3293
DSM,2021-03-05,28.9,0.0,4.864672,85.07912
DSM,2021-03-06,37.0,0.0,4.1872373,85.20553
DSM,2021-03-07,37.0,0.0,11.899647,82.07766
DSM,2021-03-08,37.0,0.0,7.4961405,52.863907
DSM,2021-03-09,50.0,0.0,13.272792,62.48991
DSM,2021-03-10,55.4,0.05,16.837662,80.75384
DSM,2021-03-11,32.0,0.0,7.7361403,84.98082
DSM,2021-03-12,30.0,0.0,3.6917713,71.81912
DSM,2021-03-13,30.9,0.0001,5.6041813,78.57606
DSM,2021-03-14,39.0,0.66,10.416028,82.124245
DSM,2021-03-15,33.0,0.37,9.872791,96.46132
DSM,2021-03-16,37.0,0.0001,5.8529615,95.67288
DSM,2021-03-17,35.0,0.05,10.377469,93.08276
DSM,2021-03-18,30.9,0.0,14.582317,81.45678
DSM,2021-03-19,27.0,0.0,5.5916376,72.51574
DSM,2021-03-20,30.9,0.0,10.593974,72.300934
DSM,2021-03-21,41.0,0.0,15.662816,68.05201
DSM,2021-03-22,45.0,0.03,7.6055946,86.326836
DSM,2021-03-23,51.0,1.0,7.9783974,100.0
DSM,2021-03-24,46.0,0.04,12.108834,93.05812
DSM,2021-03-25,39.0,0.22,3.995122,92.51814
DSM,2021-03-26,42.0,0.03,3.8703833,96.55275
DSM,2021-03-27,46.0,0.13,10.012812,96.628975
DSM,2021-03-28,37.0,0.0001,11.570618,85.536026
DSM,2021-03-29,39.0,0.0,17.30314,64.244995
DSM,2021-03-30,38.0,0.0,14.674574,54.3439
DSM,2021-03-31,14.0,0.0,14.5625,50.55524
DSM,2021-04-01,15.1,0.0,4.4065857,71.30493
DSM,2021-04-02,30.9,0.0,14.106214,53.696068
DSM,2021-04-03,39.0,0.0,7.823282,53.66978
DSM,2021-04-04,51.0,0.0,9.771631,73.84703
DSM,2021-04-05,56.0,0.0,13.711525,67.758934
DSM,2021-04-06,57.0,0.0,11.302113,77.551506
DSM,2021-04-07,57.0,1.02,9.466054,93.693306
DSM,2021-04-08,55.0,0.07,8.925435,96.729576
DSM,2021-04-09,47.0,0.06,11.0357895,100.0
DSM,2021-04-10,44.0,0.03,10.6550045,89.49497
DSM,2021-04-11,40.0,0.0,10.373315,88.87256
DSM,2021-04-12,38.0,0.0,15.144049,76.04004
DSM,2021-04-13,28.9,0.0,11.997139,69.50987
DSM,2021-04-14,30.9,0.0,10.551748,67.0326
DSM,2021-04-15,34.0,0.0,6.691332,81.45678
DSM,2021-04-16,39.0,0.0001,3.9104586,73.249565
DSM,2021-04-17,41.0,0.0001,7.7920513,88.76556
DSM,2021-04-18,36.0,0.0,6.985117,68.05201
DSM,2021-04-19,35.0,0.07,9.497123,92.91646
DSM,2021-04-20,18.0,0.0,8.672778,53.40498
DSM,2021-04-21,27.0,0.0001,7.589707,75.264336
DSM,2021-04-22,27.0,0.0,7.807719,60.91718
DSM,2021-04-23,44.0,0.0,8.206272,82.579834
DSM,2021-04-24,40.0,0.0,8.86015,88.71353
DSM,2021-04-25,41.0,0.0,10.222463,69.72826
DSM,2021-04-26,59.0,0.0,13.616287,71.28357
DSM,2021-04-27,60.0,0.0,9.901722,67.65678
DSM,2021-04-28,51.0,0.03,7.240418,89.12907
DSM,2021-04-29,47.0,0.0,8.351204,83.41674
DSM,2021-04-30,40.0,0.0,5.386494,51.336
DSM,2021-05-01,49.0,0.0,16.42712,59.978054
DSM,2021-05-02,61.0,0.0,11.323077,83.22815
DSM,2021-05-03,60.0,0.03,8.795886,90.247734
DSM,2021-05-04,40.0,0.0,10.37892,63.23817
DSM,2021-05-05,36.0,0.0001,4.1575093,55.136906
DSM,2021-05-06,41.0,0.0,10.250376,79.81897
DSM,2021-05-07,35.0,0.0,7.808696,60.109863
DSM,2021-05-08,42.8,0.77,11.303725,93.34736
DSM,2021-05-09,42.0,0.27,9.517315,93.19044
DSM,2021-05-10,41.0,0.0,6.6378946,82.22324
DSM,2021-05-11,38.0,0.0,6.698258,75.93673
DSM,2021-05-12,36.0,0.0,3.7525697,79.17319
DSM,2021-05-13,35.0,0.0,5.5496073,65.51837
DSM,2021-05-14,51.0,0.05,7.093706,77.3798
DSM,2021-05-15,57.2,0.15,6.267186,96.78369
DSM,2021-05-16,57.0,0.27,6.434843,96.81093
DSM,2021-05-17,59.0,0.16,8.229965,96.81093
DSM,2021-05-18,64.0,0.07,7.2022314,96.878845
DSM,2021-05-19,65.0,0.01,10.23662,96.903595
DSM,2021-05-20,67.0,0.45,9.214737,96.92933
DSM,2021-05-21,68.0,0.04,11.571329,93.319046
DSM,2021-05-22,70.0,0.04,8.178014,93.924324
DSM,2021-05-23,68.0,0.0,7.033994,93.56222
DSM,2021-05-24,65.0,0.0001,9.39576,89.814255
DSM,2021-05-25,66.0,0.07,10.209825,87.135025
DSM,2021-05-26,59.0,0.0,4.1355443,93.12406
DSM,2021-05-27,63.0,0.42,10.524963,96.85247
DSM,2021-05-28,42.0,0.01,9.683168,92.61712
DSM,2021-05-29,42.0,0.0,4.852265,91.83653
DSM,2021-05-30,46.0,0.0,5.070383,74.04533
DSM,2021-05-31,54.0,0.0,3.5147164,86.81767
DSM,2021-06-01,56.0,0.0,5.118861,96.7575
DSM,2021-06-02,56.0,0.0,3.24705,90.29139
DSM,2021-06-03,54.0,0.0,6.6059113,78.03314
DSM,2021-06-04,56.0,0.0,8.475162,64.50316
DSM,2021-06-05,64.0,0.0,10.446581,78.301735
DSM,2021-06-06,65.0,0.0,9.515,81.18729
DSM,2021-06-07,67.0,0.0,6.930265,93.28895
DSM,2021-06-08,68.0,0.0,5.6764913,87.03324
DSM,2021-06-09,68.0,0.0,3.6578948,83.93082
DSM,2021-06-10,68.0,0.0,4.36038,81.40747
DSM,2021-06-11,69.0,0.02,6.329179,78.774345
DSM,2021-06-12,66.0,0.0,8.228838,83.93082
DSM,2021-06-13,55.0,0.0,2.9134824,77.721375
DSM,2021-06-14,55.0,0.0,4.7225394,60.77762
DSM,2021-06-15,55.0,0.0,3.3769174,75.201256
DSM,2021-06-16,61.0,0.0,8.406272,67.63664
DSM,2021-06-17,71.0,0.02,9.35388,75.747345
DSM,2021-06-18,69.0,0.0001,6.6365657,76.62149
DSM,2021-06-19,68.0,0.0,6.0275364,92.705696
DSM,2021-06-20,71.0,1.18,10.362353,93.319046
DSM,2021-06-21,55.4,0.0,11.021815,84.0026
DSM,2021-06-22,63.0,0.71,7.7759833,93.56222
DSM,2021-06-23,68.0,0.0,10.8,90.247734
DSM,2021-06-24,74.0,0.61,8.173132,94.14301
DSM,2021-06-25,72.0,0.0,5.3860626,93.4268
DSM,2021-06-26,72.0,0.17,10.386525,93.40279
DSM,2021-06-27,66.0,0.0,4.3379793,93.56222
DSM,2021-06-28,68.0,0.01,4.183275,86.48417
DSM,2021-06-29,70.0,0.01,6.1888504,93.4268
DSM,2021-06-30,69.0,0.0001,2.7595818,96.29225
DSM,2021-07-01,63.0,0.0,5.2628975,84.55897
DSM,2021-07-02,65.0,0.0,4.9102473,84.55897
DSM,2021-07-03,67.0,0.0,3.9415905,87.03324
DSM,2021-07-04,68.0,0.0,7.8390245,81.26576
DSM,2021-07-05,68.0,0.0,8.119861,89.89542
DSM,2021-07-06,68.0,0.0,7.4814034,81.40747
DSM,2021-07-07,68.0,0.17,5.8695016,93.28895
DSM,2021-07-08,61.0,0.0,4.269686,93.12406
DSM,2021-07-09,71.0,0.71,9.12852,93.28895
DSM,2021-07-10,67.0,1.51,8.12291,96.92933
DSM,2021-07-11,64.0,0.0,8.023239,93.26418
DSM,2021-07-12,65.0,0.0,4.025784,93.15526
DSM,2021-07-13,67.0,0.0,4.730314,93.56222
DSM,2021-07-14,72.0,0.48,9.587892,94.10022
DSM,2021-07-15,69.0,0.07,4.518072,93.40279
DSM,2021-07-16,65.0,0.0,4.378397,90.642
DSM,2021-07-17,66.0,0.0,5.758547,90.400345
DSM,2021-07-18,65.0,0.0,3.8125436,93.53832
DSM,2021-07-19,67.0,0.0,3.4517577,90.642
DSM,2021-07-20,66.0,0.0,3.032717,90.400345
DSM,2021-07-21,67.0,0.0,3.3905032,89.814255
DSM,2021-07-22,69.0,0.0,7.1672473,87.03324
DSM,2021-07-23,71.0,0.0,7.603484,89.93965
DSM,2021-07-24,73.0,0.0,6.560279,90.32327
DSM,2021-07-25,69.0,0.0,1.9414635,96.9686
DSM,2021-07-26,69.0,0.0,4.3117523,87.135025
DSM,2021-07-27,73.0,0.0,6.681272,90.400345
DSM,2021-07-28,76.0,0.0,6.2850175,87.58521
DSM,2021-07-29,77.0,0.01,7.7145877,84.474464
DSM,2021-07-30,69.0,1.0,7.4169016,96.275345
DSM,2021-07-31,67.0,1.91,5.786827,100.0
DSM,2021-08-01,63.0,0.0,7.220947,84.55897
DSM,2021-08-02,59.0,0.0,2.4327526,90.04272
DSM,2021-08-03,60.0,0.0,1.9704185,89.52252
DSM,2021-08-04,61.0,0.0,4.8461537,89.48413
DSM,2021-08-05,70.0,0.32,7.1581883,93.56222
DSM,2021-08-06,73.0,0.09,7.181497,93.53832
DSM,2021-08-07,75.0,0.0001,9.802091,87.628876
DSM,2021-08-08,71.0,0.04,8.849895,94.01323
DSM,2021-08-09,77.0,0.0,3.8111498,96.99354
DSM,2021-08-10,78.0,0.0,8.49338,93.55792
DSM,2021-08-11,76.0,0.0,9.096864,97.04129
DSM,2021-08-12,74.0,0.0,5.781766,87.135025
DSM,2021-08-13,59.0,0.0,5.093617,75.73877
DSM,2021-08-14,56.0,0.0,2.986477,80.24718
DSM,2021-08-15,60.0,0.0,5.7184668,80.24718
DSM,2021-08-16,63.0,0.0,6.8181186,86.77358
DSM,2021-08-17,68.0,0.0,7.7344947,80.7574
DSM,2021-08-18,69.0,0.0,7.911498,93.28895
DSM,2021-08-19,70.0,0.0,7.2027874,93.37325
DSM,2021-08-20,73.0,0.0,10.036934,89.89542
DSM,2021-08-21,69.0,0.0,8.160432,90.594666
DSM,2021-08-22,63.0,0.0,6.6879435,77.64516
DSM,2021-08-23,75.0,0.0,6.757491,81.19648
DSM,2021-08-24,74.0,0.0001,9.768406,85.08769
DSM,2021-08-25,74.0,0.3,6.78047,90.594666
DSM,2021-08-26,74.0,0.5,7.674743,96.678116
DSM,2021-08-27,75.0,0.0,10.108204,89.93965
DSM,2021-08-28,72.0,0.0,9.166784,81.95878
DSM,2021-08-29,69.0,0.0001,5.548084,90.594666
DSM,2021-08-30,66.0,0.51,3.4111748,87.23775
DSM,2021-08-31,66.2,0.37,6.278417,96.903595
DSM,2021-09-01,61.0,0.0,6.2947736,90.247734
DSM,2021-09-02,60.0,0.0001,9.258042,86.105125
DSM,2021-09-03,70.0,0.31,6.8714185,93.83344
DSM,2021-09-04,66.0,0.0,5.536533,93.319046
DSM,2021-09-05,62.0,0.0,4.9142857,92.43185
DSM,2021-09-06,68.0,0.05,4.6557145,90.642
DSM,2021-09-07,66.0,0.0,9.61685,78.7032
DSM,2021-09-08,51.0,0.0,8.385169,75.01524
DSM,2021-09-09,53.0,0.0,3.2348433,89.17831
DSM,2021-09-10,65.0,0.0,7.2006993,81.26576
DSM,2021-09-11,69.0,0.0,7.278049,93.56222
DSM,2021-09-12,67.0,0.0,6.2886147,88.34331
DSM,2021-09-13,66.0,0.0001,7.835095,96.903595
DSM,2021-09-14,67.0,0.0,6.1965156,89.814255
DSM,2021-09-15,59.0,0.0,4.550523,96.78369
DSM,2021-09-16,64.0,0.0,10.435898,80.60851
DSM,2021-09-17,64.0,0.01,7.6377153,87.03324
DSM,2021-09-18,65.0,0.0,4.873171,83.86249
DSM,2021-09-19,67.0,0.0,9.98893,90.0483
DSM,2021-09-20,70.0,0.4,10.9053,96.29225
DSM,2021-09-21,53.0,0.0,8.504951,85.47746
DSM,2021-09-22,45.0,0.0,5.2341638,82.579834
DSM,2021-09-23,47.0,0.0,2.769395,89.28615
DSM,2021-09-24,56.0,0.03,7.203102,85.59461
DSM,2021-09-25,46.0,0.0,7.6076655,81.97894
DSM,2021-09-26,56.0,0.0,9.353847,71.694244
DSM,2021-09-27,59.0,0.0,4.385366,72.42126
DSM,2021-09-28,62.0,0.0,6.783158,86.105125
DSM,2021-09-29,62.0,0.0,7.1980057,93.15526
DSM,2021-09-30,66.0,0.03,5.8396835,96.92933
DSM,2021-10-01,67.0,0.0001,6.63554,96.92933
DSM,2021-10-02,66.2,0.0,6.2843204,100.0
DSM,2021-10-03,62.0,0.0,7.648763,90.642
DSM,2021-10-04,55.0,0.0,4.6804566,89.665146
DSM,2021-10-05,58.0,0.0,5.036594,93.03501
DSM,2021-10-06,62.0,0.0001,5.4885015,90.642
DSM,2021-10-07,63.0,0.0,3.707317,93.56222
DSM,2021-10-08,60.0,0.0,4.3006353,93.0668
DSM,2021-10-09,64.0,0.0,9.022997,86.77358
DSM,2021-10-10,61.0,0.0001,7.214035,87.135864
DSM,2021-10-11,55.0,0.38,5.2369337,89.88164
DSM,2021-10-12,52.0,0.0,4.041115,85.77325
DSM,2021-10-13,61.0,1.43,11.624641,96.78369
DSM,2021-10-14,40.0,0.0,6.077139,65.629745
DSM,2021-10-15,43.0,0.0001,7.261268,76.76395
DSM,2021-10-16,34.0,0.0,8.443972,73.13607
DSM,2021-10-17,40.0,0.0,4.490845,65.37625
DSM,2021-10-18,46.0,0.0,6.748432,73.84703
DSM,2021-10-19,49.0,0.0,9.744876,74.34856
DSM,2021-10-20,55.0,0.01,11.607746,83.87503
DSM,2021-10-21,42.0,0.01,11.995559,92.75558
DSM,2021-10-22,40.0,0.0001,3.4123857,96.522156
DSM,2021-10-23,37.0,0.0,5.908711,96.492714
DSM,2021-10-24,46.4,2.91,12.0329,100.0
DSM,2021-10-25,41.0,0.01,7.226686,92.58222
DSM,2021-10-26,43.0,0.0,11.007829,89.26615
DSM,2021-10-27,49.0,0.6,9.49193,95.98142
DSM,2021-10-28,47.0,0.85,8.876025,96.27691
DSM,2021-10-29,44.0,0.1,11.026853,89.921104
DSM,2021-10-30,43.0,0.0,3.485777,96.12703
DSM,2021-10-31,42.0,0.0,10.481424,83.28233
DSM,2021-11-01,30.9,0.0,5.3602786,82.1482
DSM,2021-11-02,27.0,0.0,5.148951,74.8682
DSM,2021-11-03,30.9,0.0,4.292683,75.5878
DSM,2021-11-04,33.0,0.0,7.7818184,72.45346
DSM,2021-11-05,40.0,0.0,11.363702,76.01056
DSM,2021-11-06,46.0,0.0,7.524739,89.26615
DSM,2021-11-07,48.0,0.0,9.93614,83.28233
DSM,2021-11-08,51.0,0.0,6.9780765,93.031395
DSM,2021-11-09,40.0,0.0,6.627825,68.27398
DSM,2021-11-10,54.0,1.35,8.462718,100.0
DSM,2021-11-11,46.0,0.15,16.89541,93.05812
DSM,2021-11-12,28.9,0.0001,19.832808,88.17328
DSM,2021-11-13,35.0,0.02,10.523642,88.274284
DSM,2021-11-14,35.0,0.0,11.292358,75.5878
DSM,2021-11-15,34.0,0.0001,6.7932725,81.37275
DSM,2021-11-16,53.0,0.0,9.648084,89.88164
DSM,2021-11-17,37.0,0.0,11.353073,64.88159
DSM,2021-11-18,19.0,0.0,10.823229,71.530495
DSM,2021-11-19,23.0,0.0,10.301766,77.67067
DSM,2021-11-20,32.0,0.0001,6.4216785,67.165634
DSM,2021-11-21,32.0,0.0,8.997765,77.882835
DSM,2021-11-22,16.0,0.0,4.4796634,68.0919
DSM,2021-11-23,34.0,0.0,11.794944,62.777317
DSM,2021-11-24,39.0,0.0,12.483943,69.62508
DSM,2021-11-25,14.0,0.0001,10.667189,69.754295
DSM,2021-11-26,24.1,0.0,7.611847,66.72459
DSM,2021-11-27,38.0,0.01,8.319859,81.97894
DSM,2021-11-28,27.0,0.0,5.919355,81.55437
DSM,2021-11-29,36.0,0.0,8.740069,66.81778
DSM,2021-11-30,37.0,0.0001,4.965293,79.17319
DSM,2021-12-01,39.0,0.02,8.124648,88.61803
DSM,2021-12-02,34.0,0.0,5.7521553,62.82853
DSM,2021-12-03,32.0,0.0,7.073375,79.08094
DSM,2021-12-04,32.0,0.0,7.19788,91.51263
DSM,2021-12-05,41.0,0.0,12.012658,65.37625
DSM,2021-12-06,16.0,0.0001,13.141233,62.654053
DSM,2021-12-07,17.1,0.0,9.631469,74.15324
DSM,2021-12-08,18.0,0.0,5.590941,77.67067
DSM,2021-12-09,35.0,0.0001,8.734532,66.97142
DSM,2021-12-10,39.0,0.0001,10.5873575,100.0
DSM,2021-12-11,28.9,0.03,12.870944,92.49329
DSM,2021-12-12,19.9,0.0,12.555477,60.24612
DSM,2021-12-13,27.0,0.0,5.2912893,68.80594
DSM,2021-12-14,51.0,0.0,7.5212545,89.88164
DSM,2021-12-15,58.0,0.2,20.582458,93.31721
DSM,2021-12-16,23.0,0.0,12.096547,71.44712
DSM,2021-12-17,21.0,0.0,6.8027873,77.62127
DSM,2021-12-18,23.0,0.0,10.215603,80.8487
DSM,2021-12-19,23.0,0.0,9.866901,77.67067
DSM,2021-12-20,24.1,0.0,8.185106,81.24543
DSM,2021-12-21,21.0,0.0,10.012721,80.73506
DSM,2021-12-22,17.1,0.0,7.088502,80.01006
DSM,2021-12-23,34.0,0.0,7.736585,85.689926
DSM,2021-12-24,47.0,0.0001,7.651461,100.0
DSM,2021-12-25,35.0,0.02,5.0398602,85.75554
DSM,2021-12-26,42.8,0.15,7.8842397,100.0
DSM,2021-12-27,42.0,0.0,8.835126,100.0
DSM,2021-12-28,33.0,0.25,8.945534,100.0
DSM,2021-12-29,15.1,0.1,6.327273,88.19551
DSM,2021-12-30,26.1,0.0,5.2033663,92.18507
DSM,2021-12-31,28.0,0.0001,9.294209,96.37933
DSM,2022-01-01,5.0,0.16,13.153846,84.557335
DSM,2022-01-02,-4.0,0.0,5.6874127,74.869316
DSM,2022-01-03,21.9,0.0,8.236237,75.71066
DSM,2022-01-04,26.1,0.0001,14.158872,77.803856
DSM,2022-01-05,5.0,0.0001,21.625097,66.81711
DSM,2022-01-06,-5.0,0.0001,12.078628,74.93373
DSM,2022-01-07,3.0,0.0,7.9074984,69.88621
DSM,2022-01-08,30.0,0.0001,9.984218,100.0
DSM,2022-01-09,12.0,0.0,9.902174,67.7078
DSM,2022-01-10,8.1,0.0,5.586303,69.754295
DSM,2022-01-11,28.9,0.0,9.836237,73.40948
DSM,2022-01-12,28.9,0.0,5.9923344,75.5878
DSM,2022-01-13,34.0,0.0001,6.955,88.43512
DSM,2022-01-14,32.0,1.03,7.892029,96.41182
DSM,2022-01-15,17.1,0.24,8.541199,90.4186
DSM,2022-01-16,28.9,0.0001,7.9842296,92.317215
DSM,2022-01-17,26.1,0.0,7.096774,88.653656
DSM,2022-01-18,30.9,0.0,7.562143,96.26212
DSM,2022-01-19,19.0,0.0001,14.755622,74.15522
DSM,2022-01-20,-7.0,0.0,6.174913,78.48399
DSM,2022-01-21,10.9,0.0001,9.337979,82.579735
DSM,2022-01-22,26.1,0.0,11.643971,74.15324
DSM,2022-01-23,28.9,0.0001,8.93859,77.48496
DSM,2022-01-24,28.4,0.01,9.125303,92.91646
DSM,2022-01-25,-6.0,0.0,6.7966456,71.68939
DSM,2022-01-26,10.9,0.0,9.497203,82.666954
DSM,2022-01-27,25.0,0.0001,10.572345,78.40097
DSM,2022-01-28,1.9,0.0,6.5478687,75.917366
DSM,2022-01-29,23.0,0.0,6.9874563,74.66679
DSM,2022-01-30,19.0,0.0001,6.9867134,78.5128
DSM,2022-01-31,28.0,0.0,8.927526,81.30309
DSM,2022-02-01,28.0,0.0,10.802838,78.02541
DSM,2022-02-02,3.0,0.0,13.147993,69.15933
DSM,2022-02-03,-4.0,0.0,8.863558,68.26545
DSM,2022-02-04,9.0,0.0,8.486132,78.3963
DSM,2022-02-05,21.9,0.0,11.271831,75.917366
DSM,2022-02-06,28.0,0.0,8.898455,78.42651
DSM,2022-02-07,21.0,0.0001,4.9531646,84.52733
DSM,2022-02-08,30.9,0.0,7.0887322,87.76159
DSM,2022-02-09,28.9,0.0001,10.649211,80.825
DSM,2022-02-10,36.0,0.06,9.760702,85.8089
DSM,2022-02-11,38.0,0.01,15.072142,88.61803
DSM,2022-02-12,5.0,0.0,6.9690647,72.74119
DSM,2022-02-13,10.0,0.0001,7.0164523,84.00895
DSM,2022-02-14,18.0,0.0,6.6842856,81.46097
DSM,2022-02-15,32.0,0.0,10.322262,81.30309
DSM,2022-02-16,39.0,0.0,10.869114,78.59985
DSM,2022-02-17,12.0,0.0,11.632038,70.41479
DSM,2022-02-18,32.0,0.0001,15.077454,69.33037
DSM,2022-02-19,10.9,0.0,10.344124,63.685326
DSM,2022-02-20,28.9,0.0,11.504633,72.24067
DSM,2022-02-21,41.0,0.0,8.960972,85.23134
DSM,2022-02-22,27.0,0.02,16.177374,96.34807
DSM,2022-02-23,1.9,0.0001,9.906761,72.29877
DSM,2022-02-24,14.0,0.12,8.483916,87.379036
DSM,2022-02-25,7.0,0.01,6.7083917,84.557335
DSM,2022-02-26,19.9,0.0,8.1379795,82.58386
DSM,2022-02-27,21.0,0.0,6.7713284,67.45666
DSM,2022-02-28,26.1,0.0,6.758885,55.517197
DSM,2022-03-01,36.0,0.0,4.0433526,72.985916
DSM,2022-03-02,43.0,0.0001,5.5319147,82.79933
DSM,2022-03-03,26.1,0.0001,10.229739,78.57606
DSM,2022-03-04,37.0,0.0,10.950522,80.7529
DSM,2022-03-05,58.0,1.35,10.735037,100.0
DSM,2022-03-06,27.0,0.15,13.076815,96.34807
DSM,2022-03-07,26.6,0.2,10.430813,100.0
DSM,2022-03-08,28.0,0.0,7.900351,83.91452
DSM,2022-03-09,27.0,0.0001,9.524822,85.26191
DSM,2022-03-10,14.0,0.03,6.112994,84.0537
DSM,2022-03-11,12.0,0.0,13.269384,83.91452
DSM,2022-03-12,15.1,0.0,9.569231,65.77156
DSM,2022-03-13,33.0,0.0,7.3937635,78.40097
DSM,2022-03-14,34.0,0.0,7.628799,64.88159
DSM,2022-03-15,34.0,0.0,4.2404795,92.18172
DSM,2022-03-16,41.0,0.0,9.037353,82.65763
DSM,2022-03-17,42.0,0.03,11.648604,89.49497
DSM,2022-03-18,38.0,0.6,13.944093,96.492714
DSM,2022-03-19,34.0,0.0,8.161912,92.18172
DSM,2022-03-20,34.0,0.0,8.034146,72.24067
DSM,2022-03-21,45.0,0.06,11.2077465,76.9423
DSM,2022-03-22,51.8,0.66,8.149285,100.0
DSM,2022-03-23,36.0,0.03,13.181903,96.492714
DSM,2022-03-24,34.0,0.04,8.673867,96.46132
DSM,2022-03-25,34.0,0.0,14.709431,92.21943
DSM,2022-03-26,23.0,0.0,13.714863,74.66679
DSM,2022-03-27,16.0,0.0,6.973856,67.95633
DSM,2022-03-28,17.1,0.0,8.939373,57.231598
DSM,2022-03-29,41.0,0.01,13.454932,82.579834
DSM,2022-03-30,47.0,0.19,13.670346,100.0
DSM,2022-03-31,32.0,0.1,12.780851,100.0
DSM,2022-04-01,28.9,0.01,4.170854,92.01395
DSM,2022-04-02,39.0,0.21,8.111268,96.522156
DSM,2022-04-03,45.0,0.11,6.2468534,96.59939
DSM,2022-04-04,38.0,0.0,9.268505,88.61803
DSM,2022-04-05,51.0,0.02,9.617668,96.492714
DSM,2022-04-06,38.0,0.0001,16.066187,89.26615
DSM,2022-04-07,35.0,0.02,19.33491,91.51263
DSM,2022-04-08,28.0,0.0001,12.724463,81.3036
DSM,2022-04-09,26.1,0.0,6.137074,85.1362
DSM,2022-04-10,45.0,0.0,14.656994,60.882473
DSM,2022-04-11,35.0,0.0,6.667852,76.44389
DSM,2022-04-12,62.0,0.15,15.637649,89.67755
DSM,2022-04-13,56.0,0.17,13.834061,93.693306
DSM,2022-04-14,19.0,0.0,17.198694,58.26825
DSM,2022-04-15,19.0,0.0,7.691166,51.469177
DSM,2022-04-16,21.0,0.0,9.204169,71.25436
DSM,2022-04-17,33.0,0.22,5.5407667,100.0
DSM,2022-04-18,30.9,0.0,14.400289,100.0
DSM,2022-04-19,27.0,0.0,7.502092,87.972015
DSM,2022-04-20,47.0,0.21,10.429268,100.0
DSM,2022-04-21,49.0,0.02,4.53007,100.0
DSM,2022-04-22,68.0,1.28,11.355748,100.0
DSM,2022-04-23,58.0,0.84,17.578314,100.0
DSM,2022-04-24,40.0,0.0,16.270967,65.51837
DSM,2022-04-25,33.0,0.0001,13.368382,82.65763
DSM,2022-04-26,33.0,0.0,4.974964,85.1362
DSM,2022-04-27,43.0,0.0,9.964975,69.8537
DSM,2022-04-28,51.0,0.0,11.617914,80.52033
DSM,2022-04-29,55.0,0.27,12.683731,96.034454
DSM,2022-04-30,55.4,0.12,16.723293,93.693306
DSM,2022-05-01,42.0,0.0001,16.26945,92.61712
DSM,2022-05-02,42.0,0.57,7.744681,96.59939
DSM,2022-05-03,44.0,0.42,9.324224,96.59939
DSM,2022-05-04,45.0,0.0,6.1107993,92.51814
DSM,2022-05-05,52.0,0.06,7.6383276,100.0
DSM,2022-05-06,51.0,0.01,4.963958,92.86074
DSM,2022-05-07,47.0,0.0,9.381386,89.19621
DSM,2022-05-08,53.0,0.02,11.0520315,74.9121
DSM,2022-05-09,69.0,0.0001,15.365198,87.58521
DSM,2022-05-10,73.0,0.0,8.052817,79.10189
DSM,2022-05-11,73.0,0.0,9.071777,90.974266
DSM,2022-05-12,70.0,0.0,10.72973,93.4268
DSM,2022-05-13,57.0,0.0,6.553925,70.073
DSM,2022-05-14,54.0,0.05,4.3832974,86.81767
DSM,2022-05-15,56.0,0.01,5.9880786,86.56035
DSM,2022-05-16,49.0,0.0,6.6645613,79.91771
DSM,2022-05-17,58.0,0.01,6.0853148,75.55841
DSM,2022-05-18,61.0,0.24,5.884507,96.85247
DSM,2022-05-19,67.0,0.0,10.866568,85.99398
DSM,2022-05-20,66.0,0.0001,10.100775,80.67144
DSM,2022-05-21,42.0,0.0,8.416667,71.18763
DSM,2022-05-22,35.0,0.0,8.728986,76.44389
DSM,2022-05-23,36.0,0.0,7.1389475,58.1551
DSM,2022-05-24,51.8,0.87,9.1,100.0
DSM,2022-05-25,56.0,0.51,9.670922,100.0
DSM,2022-05-26,54.0,0.0,8.384393,100.0
DSM,2022-05-27,50.0,0.0,5.745614,96.65673
DSM,2022-05-28,61.0,0.0001,11.887836,77.3798
DSM,2022-05-29,66.0,0.01,14.002193,78.46361
DSM,2022-05-30,66.0,0.19,19.045696,73.4019
DSM,2022-05-31,64.0,0.0001,9.471841,96.55186
DSM,2022-06-01,52.0,0.0,6.3335714,83.87503
DSM,2022-06-02,46.0,0.0,5.6164284,80.064575
DSM,2022-06-03,47.0,0.0,4.0224886,64.121124
DSM,2022-06-04,58.0,0.06,6.055245,89.48413
DSM,2022-06-05,65.0,1.18,6.624088,100.0
DSM,2022-06-06,67.0,0.11,5.858156,100.0
DSM,2022-06-07,62.0,0.32,4.793177,90.642
DSM,2022-06-08,61.0,0.11,6.80979,96.15043
DSM,2022-06-09,62.0,0.02,2.8478873,90.642
DSM,2022-06-10,62.0,0.13,4.935257,96.18263
DSM,2022-06-11,69.0,0.04,5.951049,96.92933
DSM,2022-06-12,73.0,0.0,5.373519,93.37325
DSM,2022-06-13,77.0,0.01,10.494807,96.41042
DSM,2022-06-14,72.0,0.0,14.526158,74.151726
DSM,2022-06-15,71.0,0.08,8.835799,93.319046
DSM,2022-06-16,64.0,0.0,5.1277194,93.56222
DSM,2022-06-17,63.0,0.0,4.6226687,80.91651
DSM,2022-06-18,63.0,0.0,9.596877,66.15704
DSM,2022-06-19,70.0,0.0,11.209793,75.11617
DSM,2022-06-20,71.0,0.0,11.480866,78.390976
DSM,2022-06-21,72.0,0.0,10.236861,76.62149
DSM,2022-06-22,58.0,0.0,5.1764708,65.559746
DSM,2022-06-23,64.0,0.0,6.678647,78.77112
DSM,2022-06-24,68.0,0.91,10.744531,93.924324
DSM,2022-06-25,74.0,0.13,7.687234,93.77152
DSM,2022-06-26,54.0,0.0,9.70147,74.9121
DSM,2022-06-27,53.0,0.0,3.9878745,80.60365
DSM,2022-06-28,61.0,0.0,9.424686,69.85724
DSM,2022-06-29,64.0,0.0,9.318777,84.43778
DSM,2022-06-30,65.0,0.0,11.816901,73.11288
DSM,2022-07-01,66.0,0.09,4.1473308,83.86249
DSM,2022-07-02,63.0,0.0,5.014675,93.180626
DSM,2022-07-03,68.0,0.0,7.574216,81.18729
DSM,2022-07-04,76.0,0.28,9.222773,97.016945
DSM,2022-07-05,73.0,0.27,8.467383,96.322716
DSM,2022-07-06,71.0,1.41,4.5168066,100.0
DSM,2022-07-07,75.0,0.07,4.405575,100.0
DSM,2022-07-08,74.0,0.03,6.6891227,96.678116
DSM,2022-07-09,67.0,0.0,4.9057145,93.319046
DSM,2022-07-10,71.0,0.0,9.671599,93.319046
DSM,2022-07-11,70.0,0.01,8.38585,83.98641
DSM,2022-07-12,62.0,0.0,6.066561,86.105125
DSM,2022-07-13,66.0,0.0,4.987986,83.7815
DSM,2022-07-14,68.0,0.0,8.064808,83.86249
DSM,2022-07-15,75.0,0.0001,9.98718,81.82193
DSM,2022-07-16,72.0,0.0001,6.4015417,90.974266
DSM,2022-07-17,69.0,0.0001,4.5038924,93.40279
DSM,2022-07-18,68.0,0.0,2.7539682,90.400345
DSM,2022-07-19,71.0,0.0,10.652113,89.85901
DSM,2022-07-20,66.0,0.0,10.792831,78.27739
DSM,2022-07-21,67.0,0.0001,6.416842,75.398506
DSM,2022-07-22,72.0,0.07,8.275341,90.400345
DSM,2022-07-23,74.0,0.02,11.485229,81.41737
DSM,2022-07-24,74.0,0.0,8.015827,86.949745
DSM,2022-07-25,60.0,0.0001,3.5786874,83.41765
DSM,2022-07-26,70.0,0.0001,4.4513083,93.53832
DSM,2022-07-27,70.0,0.0,7.2732396,96.322716
DSM,2022-07-28,65.0,0.0,6.8440433,83.80627
DSM,2022-07-29,57.0,0.0,4.4457746,93.03501
DSM,2022-07-30,60.0,0.0,4.477208,83.35917
DSM,2022-07-31,72.0,0.0,8.232819,90.642
DSM,2022-08-01,73.0,0.0,5.477289,84.972496
DSM,2022-08-02,75.0,0.0001,10.292308,81.19648
DSM,2022-08-03,72.0,0.0001,11.234088,67.05904
DSM,2022-08-04,63.0,0.0,6.6085715,81.26655
DSM,2022-08-05,67.0,0.0,6.0463157,87.28321
DSM,2022-08-06,77.0,0.0,9.444056,93.50594
DSM,2022-08-07,75.0,0.87,6.7021585,90.39978
DSM,2022-08-08,75.0,0.0,8.145468,97.04129
DSM,2022-08-09,61.0,0.0,2.9126074,90.247734
DSM,2022-08-10,64.0,0.0,3.623312,87.135864
DSM,2022-08-11,71.0,0.0,4.3121467,84.972496
DSM,2022-08-12,68.0,0.0,10.414737,87.135025
DSM,2022-08-13,71.0,0.0001,9.895167,93.37325
DSM,2022-08-14,62.0,0.0,8.100699,78.301735
DSM,2022-08-15,66.0,0.55,4.4765897,96.92933
DSM,2022-08-16,65.0,0.0,4.773519,96.903595
DSM,2022-08-17,59.0,0.0,3.099506,83.41765
DSM,2022-08-18,66.0,0.05,6.5957747,87.135025
DSM,2022-08-19,66.0,0.41,5.5833335,93.53832
DSM,2022-08-20,65.0,0.01,8.877537,96.903595
DSM,2022-08-21,65.0,0.0,5.20028,100.0
DSM,2022-08-22,64.0,0.0,2.2366197,100.0
DSM,2022-08-23,63.0,0.0,2.2928722,89.569176
DSM,2022-08-24,67.0,0.04,5.535764,87.23775
DSM,2022-08-25,69.0,0.0,5.9111266,92.705696
DSM,2022-08-26,64.0,0.0,5.099639,93.56222
DSM,2022-08-27,69.0,1.25,9.065063,96.29225
DSM,2022-08-28,72.0,0.84,9.707143,100.0
DSM,2022-08-29,72.0,0.02,6.440347,93.79415
DSM,2022-08-30,60.0,0.0,5.8233213,93.0668
DSM,2022-08-31,62.0,0.0,4.5471697,93.0668
DSM,2022-09-01,65.0,1.54,8.557329,86.48417
DSM,2022-09-02,71.0,0.0001,6.546099,90.400345
DSM,2022-09-03,67.0,0.0,8.501053,78.774345
DSM,2022-09-04,66.0,0.0001,6.4223,96.92933
DSM,2022-09-05,65.0,0.0001,4.8320503,96.24429
DSM,2022-09-06,66.0,0.0,5.104895,96.878845
DSM,2022-09-07,64.0,0.0,2.6459365,84.43778
DSM,2022-09-08,64.0,0.0,7.26993,90.247734
DSM,2022-09-09,66.0,0.0,8.442294,89.569176
DSM,2022-09-10,58.0,0.81,8.271831,100.0
DSM,2022-09-11,56.0,0.0,6.531228,96.78369
DSM,2022-09-12,51.0,0.0,5.363763,86.326836
DSM,2022-09-13,55.0,0.0,2.5864768,92.86074
DSM,2022-09-14,60.0,0.0,6.4245615,80.75384
DSM,2022-09-15,60.0,0.0,7.990903,80.7574
DSM,2022-09-16,62.0,0.0001,7.8405595,86.77358
DSM,2022-09-17,65.0,0.67,8.231502,93.56222
DSM,2022-09-18,69.0,0.14,5.3675036,90.400345
DSM,2022-09-19,72.0,0.0,8.361403,93.53832
DSM,2022-09-20,71.0,0.12,9.479715,93.77152
DSM,2022-09-21,69.0,0.01,8.389086,87.58521
DSM,2022-09-22,46.0,0.0,4.419014,79.54372
DSM,2022-09-23,53.0,0.23,8.214634,100.0
DSM,2022-09-24,58.0,0.0,9.310715,100.0
DSM,2022-09-25,49.0,0.0,11.5573845,80.07423
DSM,2022-09-26,44.0,0.0,7.527324,80.064575
DSM,2022-09-27,45.0,0.0,4.9616203,89.28615
DSM,2022-09-28,39.0,0.0,5.308249,79.24824
DSM,2022-09-29,43.0,0.0,8.758019,78.662285
DSM,2022-09-30,45.0,0.0,8.135888,79.90661
DSM,2022-10-01,47.0,0.0,5.3105636,83.41674
DSM,2022-10-02,47.0,0.0,4.5526133,82.61972
DSM,2022-10-03,51.0,0.0,7.3694267,82.75765
DSM,2022-10-04,47.0,0.0001,7.072028,69.085075
DSM,2022-10-05,55.0,0.02,3.457223,93.29195
DSM,2022-10-06,56.0,0.0,7.495105,96.7575
DSM,2022-10-07,37.0,0.0,5.8242764,76.1241
DSM,2022-10-08,36.0,0.0,5.569123,89.086205
DSM,2022-10-09,42.0,0.0,4.8662667,82.22324
DSM,2022-10-10,44.0,0.0,3.9719496,85.05635
DSM,2022-10-11,60.0,0.0,11.5411005,83.22815
DSM,2022-10-12,57.0,0.08,11.181343,90.04272
DSM,2022-10-13,30.9,0.0,11.338983,64.244995
DSM,2022-10-14,30.9,0.0001,9.270715,66.97142
DSM,2022-10-15,40.0,0.0,7.280851,78.48001
DSM,2022-10-16,36.0,0.0,8.410676,75.5557
DSM,2022-10-17,24.1,0.0,12.021276,68.67448
DSM,2022-10-18,16.0,0.0,9.180351,73.94373
DSM,2022-10-19,17.1,0.0,5.590941,67.7078
DSM,2022-10-20,35.0,0.0,5.866202,56.2276
DSM,2022-10-21,39.0,0.0,5.883916,63.327923
DSM,2022-10-22,49.0,0.0,10.373852,56.6566
DSM,2022-10-23,63.0,0.0001,15.322817,80.91651
DSM,2022-10-24,59.0,0.93,10.531117,100.0
DSM,2022-10-25,42.0,0.0,6.562105,100.0
DSM,2022-10-26,36.0,0.0,4.625176,85.75554
DSM,2022-10-27,38.0,0.0,9.648781,70.734
DSM,2022-10-28,40.0,0.0,4.6553955,92.783875
DSM,2022-10-29,41.0,0.0,3.232258,85.689926
DSM,2022-10-30,43.0,0.0,1.7552447,76.583626
DSM,2022-10-31,41.0,0.0,3.382456,92.48255
DSM,2022-11-01,44.0,0.0,7.040418,65.020386
DSM,2022-11-02,48.0,0.0,11.454035,68.85949
DSM,2022-11-03,57.2,0.0,12.539007,80.75384
DSM,2022-11-04,56.0,1.65,8.602865,96.59939
DSM,2022-11-05,39.0,0.88,11.56904,100.0
DSM,2022-11-06,41.0,0.0,10.408091,71.06976
DSM,2022-11-07,27.0,0.0,7.952857,61.775208
DSM,2022-11-08,45.0,0.0,12.844101,64.486465
DSM,2022-11-09,62.0,0.0,11.731179,93.15526
DSM,2022-11-10,63.0,0.03,14.893491,96.85247
DSM,2022-11-11,18.0,0.0001,15.769231,73.94373
DSM,2022-11-12,18.0,0.0001,11.281119,74.26746
DSM,2022-11-13,19.9,0.0,5.8072033,71.530495
DSM,2022-11-14,32.0,0.05,8.748432,100.0
DSM,2022-11-15,32.0,0.29,8.678745,100.0
DSM,2022-11-16,21.9,0.02,12.543782,87.80954
DSM,2022-11-17,24.1,0.0001,13.5708,81.30309
DSM,2022-11-18,12.0,0.0001,12.725795,76.92418
DSM,2022-11-19,15.8,0.0001,14.259342,73.31169
DSM,2022-11-20,23.0,0.0,10.351219,73.31169
DSM,2022-11-21,25.0,0.0,5.492683,81.24543
DSM,2022-11-22,28.0,0.0,3.2682927,87.80954
DSM,2022-11-23,43.0,0.0,6.22439,95.7112
DSM,2022-11-24,45.0,0.0,6.5993032,85.77325
DSM,2022-11-25,28.9,0.0,6.441812,91.16939
DSM,2022-11-26,36.0,0.0,7.4363637,71.81912
DSM,2022-11-27,35.0,0.01,8.611228,85.75554
DSM,2022-11-28,30.0,0.0,7.1874566,84.68373
DSM,2022-11-29,38.0,0.0001,12.551021,92.80228
DSM,2022-11-30,12.0,0.0,13.614467,76.7727
DSM,2022-12-01,19.9,0.0,11.242958,83.773575
DSM,2022-12-02,43.0,0.0001,14.419096,71.81912
DSM,2022-12-03,10.0,0.0,10.024822,69.88621
DSM,2022-12-04,18.0,0.0,6.8132405,67.81996
DSM,2022-12-05,25.0,0.0,5.732404,71.96335
DSM,2022-12-06,25.0,0.0,3.2373626,80.7529
DSM,2022-12-07,28.0,0.0,3.9377186,87.972015
DSM,2022-12-08,36.0,0.3,8.243902,100.0
DSM,2022-12-09,37.4,0.05,4.7616725,100.0
DSM,2022-12-10,34.0,0.0,5.37561,100.0
DSM,2022-12-11,28.0,0.0,5.6666665,96.37933
DSM,2022-12-12,30.0,0.0001,12.444523,96.37933
DSM,2022-12-13,40.0,1.27,16.118656,100.0
DSM,2022-12-14,42.0,0.0001,8.933798,100.0
DSM,2022-12-15,28.0,0.07,15.159292,92.01395
DSM,2022-12-16,19.0,0.01,14.67542,84.68373
DSM,2022-12-17,10.9,0.0001,14.832433,80.10366
DSM,2022-12-18,8.1,0.0,6.020979,79.31644
DSM,2022-12-19,28.4,0.02,8.690693,92.91646
DSM,2022-12-20,16.0,0.0001,7.774216,85.62746
DSM,2022-12-21,16.0,0.17,7.2305536,95.3471
DSM,2022-12-22,1.9,0.02,21.138205,83.275246
DSM,2022-12-23,-7.0,0.0,24.060045,77.13776
DSM,2022-12-24,1.0,0.0,18.127352,71.24661
DSM,2022-12-25,12.9,0.06,8.583972,87.923775
DSM,2022-12-26,17.1,0.02,7.9811845,92.15322
DSM,2022-12-27,21.9,0.0,11.70453,83.35749
DSM,2022-12-28,33.0,0.0,11.104562,79.17319
DSM,2022-12-29,48.0,0.0001,7.804176,92.75558
DSM,2022-12-30,28.0,0.0,5.0327525,87.86777
DSM,2022-12-31,36.0,0.0001,6.0445995,95.96797
DSM,2023-01-01,34.0,0.0,1.5874565,100.0
DSM,2023-01-02,34.0,0.54,7.974126,96.46132
DSM,2023-01-03,40.0,0.11,11.294035,100.0
DSM,2023-01-04,26.1,0.02,11.382518,92.04581
DSM,2023-01-05,25.0,0.0001,11.915384,84.68373
DSM,2023-01-06,23.0,0.0,3.456446,88.67683
DSM,2023-01-07,16.0,0.0,3.8762448,91.68471
DSM,2023-01-08,25.0,0.0,3.125874,100.0
DSM,2023-01-09,34.0,0.0,6.1205573,85.1362
DSM,2023-01-10,30.0,0.0,3.962937,89.1155
DSM,2023-01-11,33.0,0.0,6.3777003,96.41182
DSM,2023-01-12,26.1,0.0001,14.144755,92.46329
DSM,2023-01-13,16.0,0.0001,6.95258,84.07205
DSM,2023-01-14,24.1,0.0,10.094405,87.865425
DSM,2023-01-15,39.0,0.0001,10.67579,79.35582
DSM,2023-01-16,47.0,0.11,11.684211,95.87754
DSM,2023-01-17,32.0,0.0,10.957012,88.844124
DSM,2023-01-18,32.0,0.68,8.821603,100.0
DSM,2023-01-19,32.0,0.02,12.656371,100.0
DSM,2023-01-20,24.1,0.0001,8.455596,100.0
DSM,2023-01-21,28.9,0.06,3.856446,100.0
DSM,2023-01-22,28.0,0.01,4.8222995,96.34807
DSM,2023-01-23,28.0,0.0001,7.3087106,96.03079
DSM,2023-01-24,30.0,0.0001,3.7644598,100.0
DSM,2023-01-25,30.9,0.0001,12.4594,96.41182
DSM,2023-01-26,15.1,0.0001,11.124912,80.568214
DSM,2023-01-27,30.9,0.0001,12.457265,85.26191
DSM,2023-01-28,15.1,0.09,10.581119,90.805275
DSM,2023-01-29,4.0,0.0001,9.089199,79.30594
DSM,2023-01-30,-0.9,0.0001,7.6787457,72.305664
DSM,2023-01-31,6.0,0.0,6.265965,75.08614
DSM,2023-02-01,14.0,0.0,6.7567945,69.88621
DSM,2023-02-02,16.0,0.0,10.228572,80.086174
DSM,2023-02-03,3.0,0.0,7.1310105,61.378456
DSM,2023-02-04,32.0,0.0,7.8738675,77.882835
DSM,2023-02-05,30.9,0.0,7.206969,88.43512
DSM,2023-02-06,46.0,0.0,11.321403,92.46329
DSM,2023-02-07,32.0,0.0,8.706007,85.23134
DSM,2023-02-08,30.9,0.05,5.137324,84.48837
DSM,2023-02-09,33.0,0.13,11.812632,93.02798
DSM,2023-02-10,16.0,0.0,6.5356126,73.82749
DSM,2023-02-11,21.0,0.0,8.880139,68.202255
DSM,2023-02-12,28.9,0.0,6.779021,85.26191
DSM,2023-02-13,28.9,0.0,6.6376305,85.26191
DSM,2023-02-14,46.0,0.32,11.124648,92.7389
DSM,2023-02-15,34.0,0.0001,15.437982,88.77747
DSM,2023-02-16,21.9,0.25,10.966551,91.90275
DSM,2023-02-17,21.0,0.0,6.820209,95.1015
DSM,2023-02-18,27.0,0.0,8.83554,68.336426
DSM,2023-02-19,32.0,0.0,8.773427,89.1155
DSM,2023-02-20,34.0,0.0,8.316197,100.0
DSM,2023-02-21,27.0,0.0001,10.524982,72.0364
DSM,2023-02-22,32.0,0.05,12.358794,96.41182
DSM,2023-02-23,28.9,0.0001,14.649677,100.0
DSM,2023-02-24,14.0,0.0,5.4996505,80.086174
DSM,2023-02-25,21.0,0.0,6.0432057,87.923775
DSM,2023-02-26,45.0,0.13,9.074468,100.0
DSM,2023-02-27,48.0,1.08,13.749817,100.0
DSM,2023-02-28,33.0,0.0001,7.7407665,89.1155
DSM,2023-03-01,32.0,0.0,10.420228,96.41182
DSM,2023-03-02,28.9,0.0,6.112202,84.6589
DSM,2023-03-03,30.9,0.0,5.0,88.844124
DSM,2023-03-04,37.0,0.0001,3.9923077,92.32428
DSM,2023-03-05,42.0,0.01,9.534654,89.1155
DSM,2023-03-06,39.0,0.0,8.56655,96.522156
DSM,2023-03-07,30.0,0.0,10.862203,81.45678
DSM,2023-03-08,34.0,0.08,9.473427,100.0
DSM,2023-03-09,32.0,0.39,7.24669,95.67288
DSM,2023-03-10,30.0,0.0001,7.272474,92.91646
DSM,2023-03-11,32.0,0.63,7.8160276,100.0
DSM,2023-03-12,32.0,0.0001,12.703757,100.0
DSM,2023-03-13,19.9,0.0001,11.60595,80.591286
DSM,2023-03-14,26.1,0.0,6.7470384,77.77189
DSM,2023-03-15,40.0,0.0,12.97398,66.72459
DSM,2023-03-16,43.0,0.15,13.682562,96.55275
DSM,2023-03-17,21.9,0.0001,19.525038,74.15324
DSM,2023-03-18,10.0,0.0001,18.501808,72.848656
DSM,2023-03-19,17.1,0.0,10.384669,80.568214
DSM,2023-03-20,28.0,0.0,11.190612,51.197643
DSM,2023-03-21,41.0,0.0001,11.515901,92.58222
DSM,2023-03-22,43.0,0.03,6.6654854,100.0
DSM,2023-03-23,28.9,0.01,7.4503217,88.17328
DSM,2023-03-24,30.9,0.0,6.3929825,89.1155
DSM,2023-03-25,30.9,0.0,6.1095204,72.43028
DSM,2023-03-26,32.0,0.03,8.073171,88.3293
DSM,2023-03-27,27.0,0.0,6.0854273,87.86777
DSM,2023-03-28,25.0,0.0,7.7642856,77.803856
DSM,2023-03-29,27.0,0.0,8.174648,81.55437
DSM,2023-03-30,49.0,0.0,12.566952,59.978706
DSM,2023-03-31,60.0,0.0001,12.803013,83.28729
DSM,2023-04-01,30.2,0.0001,10.922505,92.21943
DSM,2023-04-02,36.0,0.0,11.086995,59.236404
DSM,2023-04-03,32.0,0.0001,8.962105,59.501858
DSM,2023-04-04,61.0,0.72,13.335505,96.85247
DSM,2023-04-05,41.0,0.0,16.508368,88.6707
DSM,2023-04-06,19.9,0.0,6.8209605,65.685875
DSM,2023-04-07,26.1,0.0,8.955872,50.178787
DSM,2023-04-08,26.1,0.0,11.0726595,45.473473
DSM,2023-04-09,37.0,0.0,10.090975,51.081852
DSM,2023-04-10,49.0,0.0,6.9196615,64.25731
DSM,2023-04-11,50.0,0.0,9.287509,82.85773
DSM,2023-04-12,49.0,0.0,13.400348,57.71586
DSM,2023-04-13,45.0,0.0,12.200169,61.810585
DSM,2023-04-14,48.0,0.01,9.350238,66.610664
DSM,2023-04-15,54.0,0.4,11.673859,100.0
DSM,2023-04-16,34.0,0.06,18.24537,96.46132
DSM,2023-04-17,28.9,0.0,13.959898,69.50987
DSM,2023-04-18,34.0,0.0,10.59804,72.24067
DSM,2023-04-19,57.0,0.63,11.646464,96.41831
DSM,2023-04-20,56.0,0.65,9.355276,96.78369
DSM,2023-04-21,37.0,0.0001,11.852726,82.22324
DSM,2023-04-22,28.9,0.0001,13.61755,81.3036
DSM,2023-04-23,25.0,0.0,7.745714,78.3038
DSM,2023-04-24,44.0,0.01,5.535971,74.34856
DSM,2023-04-25,37.0,0.0001,7.6647687,68.05201
DSM,2023-04-26,34.0,0.0,7.413276,75.74727
DSM,2023-04-27,41.0,0.0,8.3452635,53.000835
DSM,2023-04-28,51.0,0.0001,5.866667,77.28456
DSM,2023-04-29,43.0,0.06,8.903107,89.49497
DSM,2023-04-30,37.0,0.0,17.329689,85.8089
DSM,2023-05-01,30.9,0.0,15.930122,64.62735
DSM,2023-05-02,28.0,0.0,12.850165,59.554527
DSM,2023-05-03,28.9,0.0,3.8842857,63.862904
DSM,2023-05-04,43.0,0.0,6.80922,49.729713
DSM,2023-05-05,60.0,0.26,8.613021,93.15526
DSM,2023-05-06,65.0,0.0001,6.844667,93.12406
DSM,2023-05-07,65.0,0.93,5.805861,100.0
DSM,2023-05-08,60.8,0.21,6.3199415,96.85247
DSM,2023-05-09,57.0,0.0,8.142254,96.78369
DSM,2023-05-10,61.0,0.0,10.472282,80.24718
DSM,2023-05-11,67.0,0.38,8.471579,93.28895
DSM,2023-05-12,68.0,0.15,8.587143,100.0
DSM,2023-05-13,70.0,1.36,10.5991125,96.275345
DSM,2023-05-14,68.0,0.01,10.756643,96.878845
DSM,2023-05-15,50.0,0.04,7.783275,85.47746
DSM,2023-05-16,52.0,0.0001,4.6252675,86.710846
DSM,2023-05-17,55.0,0.0,5.3498206,85.59461
DSM,2023-05-18,58.0,0.0001,7.503551,80.67144
DSM,2023-05-19,55.0,0.0,8.784514,80.60851
DSM,2023-05-20,45.0,0.0,3.7924802,82.18908
DSM,2023-05-21,50.0,0.0,2.6938264,76.9423
DSM,2023-05-22,53.0,0.0,5.4633803,71.9017
DSM,2023-05-23,53.0,0.0,5.257973,64.25731
DSM,2023-05-24,56.0,0.0,4.356572,77.60761
DSM,2023-05-25,51.0,0.0,10.562989,64.50316
DSM,2023-05-26,40.0,0.0,8.279021,50.11513
DSM,2023-05-27,42.0,0.0,6.0149465,76.48361
DSM,2023-05-28,44.0,0.0,5.5028367,66.610664
DSM,2023-05-29,54.0,0.0,6.9357142,55.99116
DSM,2023-05-30,63.0,0.02,8.670528,87.23775
DSM,2023-05-31,63.0,0.0,6.7652617,78.77112
DSM,2023-06-01,69.0,1.01,6.419214,96.92933
DSM,2023-06-02,68.0,0.45,3.8204577,93.28895
DSM,2023-06-03,65.0,0.0,5.1327744,90.400345
DSM,2023-06-04,63.0,0.0,5.3314204,66.15704
DSM,2023-06-05,63.0,0.0,3.2336383,87.18186
DSM,2023-06-06,63.0,0.0001,2.6301668,87.18186
DSM,2023-06-07,66.2,0.0001,4.955665,90.400345
DSM,2023-06-08,61.0,0.0001,6.434468,81.33104
DSM,2023-06-09,52.0,0.0,3.9985507,80.07423
DSM,2023-06-10,65.0,0.24,5.3137107,90.247734
DSM,2023-06-11,59.0,0.23,7.646991,93.12406
DSM,2023-06-12,49.0,0.0,5.734074,92.76658
DSM,2023-06-13,52.0,0.0,8.192727,61.977386
DSM,2023-06-14,56.0,0.0,4.5733523,62.48991
DSM,2023-06-15,60.0,0.0,4.6516128,69.46224
DSM,2023-06-16,58.0,0.0,7.9198527,70.276
DSM,2023-06-17,66.0,0.47,8.3184805,96.92933
DSM,2023-06-18,66.0,0.0,4.689459,96.24429
DSM,2023-06-19,65.0,0.0,4.532857,90.642
DSM,2023-06-20,61.0,0.0,7.8545456,81.26655
DSM,2023-06-21,66.0,0.0,8.420646,70.097694
DSM,2023-06-22,63.0,0.0,2.939871,81.33104
DSM,2023-06-23,64.0,0.0,3.4822946,90.642
DSM,2023-06-24,74.0,0.03,7.0275564,87.48222
DSM,2023-06-25,66.0,0.0,13.52581,81.40747
DSM,2023-06-26,61.0,0.0,10.814843,86.77358
DSM,2023-06-27,59.0,0.0,5.721546,89.43692
DSM,2023-06-28,71.0,0.0001,9.57783,76.01463
DSM,2023-06-29,72.0,0.38,4.413767,96.275345
DSM,2023-06-30,71.0,0.39,4.202166,96.99354
DSM,2023-07-01,69.0,0.07,4.8781514,93.37325
DSM,2023-07-02,66.0,0.0,4.918728,93.319046
DSM,2023-07-03,66.0,0.0,4.5452633,87.28321
DSM,2023-07-04,70.0,0.0,6.0404544,81.26576
DSM,2023-07-05,67.0,0.0001,7.7109036,83.98641
DSM,2023-07-06,53.0,0.0,5.460375,80.67144
DSM,2023-07-07,59.0,0.1,4.721906,83.7815
DSM,2023-07-08,59.0,0.0,4.8781543,86.56035
DSM,2023-07-09,58.0,0.0,4.0752535,84.0026
DSM,2023-07-10,66.0,0.0,8.085737,78.0474
DSM,2023-07-11,71.0,0.0,4.710852,81.26576
DSM,2023-07-12,68.0,2.09,8.212121,100.0
DSM,2023-07-13,69.0,0.0,5.1652484,93.56222
DSM,2023-07-14,71.0,0.0001,5.7427936,90.24586
DSM,2023-07-15,67.0,0.0,5.5709295,93.319046
DSM,2023-07-16,66.0,0.0,5.195088,90.08828
DSM,2023-07-17,66.0,0.0,4.3236175,90.08828
DSM,2023-07-18,58.0,0.0,4.5824413,89.71974
DSM,2023-07-19,69.0,0.0,4.3117523,87.28552
DSM,2023-07-20,69.0,0.0,7.9233017,93.40011
DSM,2023-07-21,60.0,0.0,3.7188385,86.66759
DSM,2023-07-22,65.0,0.05,3.9719496,90.00808
DSM,2023-07-23,66.0,0.0,3.6244667,86.98191
DSM,2023-07-24,66.0,0.0,5.160589,84.09401
DSM,2023-07-25,74.0,0.0001,6.782857,81.823456
DSM,2023-07-26,76.0,0.0001,4.9326243,84.63493
DSM,2023-07-27,80.0,0.01,5.1791368,100.0
DSM,2023-07-28,77.0,0.0,6.29395,84.57616
DSM,2023-07-29,69.0,0.0,6.330986,87.28552
DSM,2023-07-30,65.0,0.0,3.589041,90.0483
DSM,2023-07-31,67.0,0.0,6.3424563,84.09401
DSM,2023-08-01,73.0,0.02,7.548227,93.34623
DSM,2023-08-02,72.0,0.66,5.2791023,96.66443
DSM,2023-08-03,71.0,0.0,4.637193,100.0
DSM,2023-08-04,70.0,0.0001,5.1226707,96.65066
DSM,2023-08-05,70.0,0.68,7.0764914,87.33512
DSM,2023-08-06,68.0,0.58,7.00571,96.60884
DSM,2023-08-07,65.0,0.0,6.2236934,93.236496
DSM,2023-08-08,68.0,0.0001,3.1722925,96.56624
DSM,2023-08-09,67.0,0.04,3.004415,93.319046
DSM,2023-08-10,67.0,0.0,4.697013,96.55186
DSM,2023-08-11,71.0,0.38,5.7157145,93.319046
DSM,2023-08-12,68.0,0.0,4.2091875,83.97006
DSM,2023-08-13,66.0,0.01,4.6924715,90.167534
DSM,2023-08-14,64.0,0.01,10.316105,93.20864
DSM,2023-08-15,60.0,0.0,5.1683097,93.03791
DSM,2023-08-16,65.0,0.0,9.036748,83.58972
DSM,2023-08-17,65.0,0.0,9.253858,81.33681
DSM,2023-08-18,60.0,0.0,6.4709992,92.92053
DSM,2023-08-19,77.0,0.0,7.8258743,84.866806
DSM,2023-08-20,77.0,0.0,5.4897957,90.550156
DSM,2023-08-21,78.0,0.0,5.7267604,93.53201
DSM,2023-08-22,80.0,0.0,7.661324,93.53201
DSM,2023-08-23,80.0,0.0,8.847312,90.62405
DSM,2023-08-24,77.0,0.0,7.2801394,79.549965
DSM,2023-08-25,75.0,0.02,6.432452,84.69338
DSM,2023-08-26,70.0,0.0,8.011149,79.01681
DSM,2023-08-27,61.0,0.0,4.5404253,89.88598
DSM,2023-08-28,62.0,0.0,3.569209,89.80336
DSM,2023-08-29,63.0,0.0,6.658042,93.180626
DSM,2023-08-30,58.0,0.0,3.893091,80.60851
DSM,2023-08-31,56.0,0.0,7.857243,80.45798
DSM,2023-09-01,59.0,0.0,8.046316,86.50626
DSM,2023-09-02,64.0,0.0,8.863871,72.81946
DSM,2023-09-03,64.0,0.0,8.7259865,75.47732
DSM,2023-09-04,69.0,0.0,9.157353,84.155464
DSM,2023-09-05,70.0,0.0001,11.05168,73.59218
DSM,2023-09-06,60.0,0.0,10.014477,80.97766
DSM,2023-09-07,54.0,0.0,4.2041545,96.34077
DSM,2023-09-08,56.0,0.0,4.273963,80.45798
DSM,2023-09-09,58.0,0.0001,3.3314528,80.305756
DSM,2023-09-10,62.0,0.62,4.53136,93.20864
DSM,2023-09-11,62.0,0.16,5.349826,96.53739
DSM,2023-09-12,53.0,0.0001,2.5983145,86.2867
DSM,2023-09-13,52.0,0.0,4.5133,80.07423
DSM,2023-09-14,56.0,0.0,6.0814605,83.26271
DSM,2023-09-15,63.0,0.11,5.542143,89.926926
DSM,2023-09-16,61.0,0.0,3.7544231,96.46368
DSM,2023-09-17,53.0,0.0,4.2348804,89.50623
DSM,2023-09-18,53.0,0.0001,6.928354,92.7389
DSM,2023-09-19,61.0,1.49,8.742304,93.15243
DSM,2023-09-20,65.0,0.0,5.960965,93.12406
DSM,2023-09-21,61.0,0.0,6.2473497,96.4786
DSM,2023-09-22,67.0,0.05,6.5125875,96.58053
DSM,2023-09-23,66.0,0.0001,8.081804,93.236496
DSM,2023-09-24,65.0,0.0001,5.3073683,100.0
DSM,2023-09-25,59.0,0.0,4.980986,89.76167
DSM,2023-09-26,60.0,0.0,4.242684,100.0
DSM,2023-09-27,60.8,0.0,2.032844,100.0
DSM,2023-09-28,61.0,0.0,6.7060957,100.0
DSM,2023-09-29,65.0,0.0,9.389049,89.88598
DSM,2023-09-30,65.0,0.0,8.553468,78.38289
DSM,2023-10-01,62.0,0.0,7.6004305,78.13813
DSM,2023-10-02,61.0,0.0,6.259859,75.20368
DSM,2023-10-03,60.0,0.03,9.428445,70.35004
DSM,2023-10-04,62.0,0.04,7.1187077,93.15243
DSM,2023-10-05,52.0,0.0,6.142601,89.50623
DSM,2023-10-06,42.0,0.04,9.926946,89.15083
DSM,2023-10-07,39.0,0.0,6.533712,88.96647
DSM,2023-10-08,40.0,0.0,4.1176896,70.85375
DSM,2023-10-09,38.0,0.0,5.1556196,82.150665
DSM,2023-10-10,40.0,0.0,2.255242,92.45325
DSM,2023-10-11,52.0,0.0001,8.866569,80.07423
DSM,2023-10-12,58.0,0.31,11.227545,96.43353
DSM,2023-10-13,59.0,0.09,8.924003,96.403
DSM,2023-10-14,51.0,0.01,7.8305087,92.89073
DSM,2023-10-15,45.0,0.0,7.4731956,86.004845
DSM,2023-10-16,44.0,0.0,5.5380635,88.96647
DSM,2023-10-17,43.0,0.0,4.677465,88.91966
DSM,2023-10-18,50.0,0.0001,9.364309,80.22901
DSM,2023-10-19,52.0,0.01,7.780968,96.38759
DSM,2023-10-20,48.0,0.0,4.6039386,92.645485
DSM,2023-10-21,44.0,0.0,9.567528,71.17694
DSM,2023-10-22,43.0,0.0001,6.093617,89.012985
DSM,2023-10-23,58.0,0.02,10.588897,76.9423
DSM,2023-10-24,64.0,0.02,12.160763,87.03324
DSM,2023-10-25,63.0,0.05,3.651049,96.55186
DSM,2023-10-26,65.0,1.26,7.355477,100.0
DSM,2023-10-27,63.0,0.02,12.540969,96.55186
DSM,2023-10-28,28.0,0.0,8.315789,81.630455
DSM,2023-10-29,28.0,0.0001,9.165969,81.630455
DSM,2023-10-30,24.0,0.0001,8.7522745,81.24543
DSM,2023-10-31,20.0,0.0001,12.673751,74.25711
DSM,2023-11-01,20.0,0.0,7.405465,84.32687
DSM,2023-11-02,32.0,0.0,4.974144,69.04303
DSM,2023-11-03,39.0,0.0,8.080836,70.63551
DSM,2023-11-04,36.0,0.0,2.6696863,92.32093
DSM,2023-11-05,52.0,0.0,8.424036,85.47583
DSM,2023-11-06,54.0,0.0,7.966835,92.83057
DSM,2023-11-07,43.0,0.0,9.026592,88.91966
DSM,2023-11-08,45.0,0.0,9.171943,82.64991
DSM,2023-11-09,31.0,0.0,8.873581,81.78129
DSM,2023-11-10,28.0,0.0,5.847387,78.0738
DSM,2023-11-11,32.0,0.0,10.49676,75.362
DSM,2023-11-12,38.0,0.0,9.4734125,62.576954
DSM,2023-11-13,31.0,0.0,3.8559322,72.53661
DSM,2023-11-14,38.0,0.0,9.134166,56.86149
DSM,2023-11-15,43.0,0.0,4.91696,73.96703
DSM,2023-11-16,47.0,0.0,10.667435,76.76395
DSM,2023-11-17,29.0,0.0,4.974594,75.16613
DSM,2023-11-18,32.0,0.0,2.8125436,59.27313
DSM,2023-11-19,35.0,0.0001,5.6543555,75.5557
DSM,2023-11-20,40.0,0.07,9.579498,89.05922
DSM,2023-11-21,38.0,0.0001,10.20384,92.4858
DSM,2023-11-22,26.0,0.0,7.408708,77.43654
DSM,2023-11-23,29.0,0.0,9.804116,72.10786
DSM,2023-11-24,12.0,0.0,8.081119,57.231598
DSM,2023-11-25,28.0,0.16,3.2454672,95.98612
DSM,2023-11-26,28.4,0.03,10.505306,95.856476
DSM,2023-11-27,19.0,0.0001,10.335687,83.98433
DSM,2023-11-28,22.0,0.0,6.4813514,83.70243
DSM,2023-11-29,31.0,0.0,6.311888,84.6589
DSM,2023-11-30,32.0,0.0,7.3247385,81.85604
DSM,2023-12-01,31.0,0.0,8.543662,81.85604
DSM,2023-12-02,30.0,0.0,3.5010452,81.7061
DSM,2023-12-03,31.0,0.0001,3.3101754,92.21943
DSM,2023-12-04,33.0,0.0001,6.4636364,88.729485
DSM,2023-12-05,30.0,0.0001,7.6784453,91.97475
DSM,2023-12-06,32.0,0.0,7.566593,91.90275
DSM,2023-12-07,43.0,0.0,8.067832,85.23134
DSM,2023-12-08,42.0,0.0,5.485371,79.27372
DSM,2023-12-09,29.0,0.0001,15.731629,78.42651
DSM,2023-12-10,21.0,0.0,7.0195804,84.32687
DSM,2023-12-11,24.0,0.0,4.6432056,87.972015
DSM,2023-12-12,24.0,0.0,5.136746,63.849762
DSM,2023-12-13,22.0,0.0001,2.7644598,61.089832
DSM,2023-12-14,31.0,0.0,5.172727,78.16274
DSM,2023-12-15,41.0,0.02,3.687108,92.550285
DSM,2023-12-16,41.0,0.14,6.9471397,100.0
DSM,2023-12-17,34.0,0.0,9.649604,88.77747
DSM,2023-12-18,27.0,0.0,10.822391,78.339096
DSM,2023-12-19,20.0,0.0,9.350724,76.965164
DSM,2023-12-20,29.0,0.0,5.646401,71.78017
DSM,2023-12-21,43.0,0.0001,4.949826,85.59587
DSM,2023-12-22,50.0,0.06,3.0536585,100.0
DSM,2023-12-23,47.0,0.0,6.3763065,100.0
DSM,2023-12-24,54.0,0.45,11.548737,96.41831
DSM,2023-12-25,51.0,0.8,9.276532,100.0
DSM,2023-12-26,30.0,0.01,8.665505,88.583694
DSM,2023-12-27,33.0,0.06,8.474825,93.02798
DSM,2023-12-28,31.0,0.0,10.191971,88.6326
DSM,2023-12-29,30.0,0.0,7.9454546,85.10684
DSM,2023-12-30,31.0,0.0001,9.194401,92.04581
DSM,2023-12-31,25.0,0.0001,11.296691,86.17592
DSM,2024-01-01,22.0,0.0,5.570126,81.088165
DSM,2024-01-02,30.0,0.0,5.4223,92.080986
DSM,2024-01-03,29.0,0.0,5.8055944,92.01039
DSM,2024-01-04,22.0,0.0,3.1283145,77.803856
DSM,2024-01-05,29.0,0.0001,5.8466897,92.18516
DSM,2024-01-06,30.0,0.01,3.4157302,96.00415
DSM,2024-01-07,27.0,0.01,7.981805,92.11594
DSM,2024-01-08,32.0,0.31,11.2464285,96.05751
DSM,2024-01-09,31.0,0.42,13.497343,96.03984
DSM,2024-01-10,25.0,0.06,8.269737,95.77957
DSM,2024-01-11,21.0,0.03,8.481618,88.12936
DSM,2024-01-12,14.0,0.43,16.076836,87.75744
DSM,2024-01-13,2.0,0.01,19.745132,84.43135
DSM,2024-01-14,-17.0,0.0,11.125649,73.5922
DSM,2024-01-15,-8.0,0.0,9.224163,77.60305
DSM,2024-01-16,-7.0,0.0,9.778014,74.050316
DSM,2024-01-17,13.0,0.0001,4.8480835,71.82985
DSM,2024-01-18,15.0,0.21,7.4293704,87.75744
DSM,2024-01-19,-1.0,0.0001,11.743947,78.67306
DSM,2024-01-20,-5.0,0.0,5.3456445,82.17948
DSM,2024-01-21,15.0,0.0,11.324464,75.359665
DSM,2024-01-22,32.0,0.0001,8.316356,96.05751
DSM,2024-01-23,33.0,0.05,5.138676,100.0
DSM,2024-01-24,35.0,0.0001,2.7930315,100.0
DSM,2024-01-25,35.6,0.35,1.9134682,100.0
DSM,2024-01-26,36.0,0.02,4.757997,100.0
DSM,2024-01-27,33.8,0.0,6.967944,100.0
DSM,2024-01-28,32.0,0.0001,5.0169015,100.0
DSM,2024-01-29,37.0,0.0001,6.481533,96.02206
DSM,2024-01-30,33.8,0.0,8.138732,92.25349
DSM,2024-01-31,40.0,0.0,5.4846153,100.0
DSM,2024-02-01,41.0,0.0,3.0926828,92.550285
DSM,2024-02-02,38.0,0.0,11.702279,100.0
DSM,2024-02-03,37.0,0.0,11.826304,92.35433
DSM,2024-02-04,33.0,0.0,6.8773518,100.0
DSM,2024-02-05,29.0,0.0,2.4609375,92.04581
DSM,2024-02-06,29.0,0.0,5.1149826,84.6589
DSM,2024-02-07,34.0,0.0,11.858198,57.298237
DSM,2024-02-08,42.0,0.0001,14.339219,82.150665
DSM,2024-02-09,33.0,0.0,8.824661,84.91722
DSM,2024-02-10,28.0,0.0,7.255454,84.85323
DSM,2024-02-11,27.0,0.0,2.9545193,88.18114
DSM,2024-02-12,28.0,0.0,4.096774,84.52733
DSM,2024-02-13,27.0,0.0,2.8083916,75.067375
DSM,2024-02-14,40.0,0.18,8.021692,82.509346
DSM,2024-02-15,38.0,0.01,9.414389,88.96647
DSM,2024-02-16,25.0,0.23,9.38933,92.04581
DSM,2024-02-17,15.0,0.0,10.44964,79.40608
DSM,2024-02-18,24.0,0.0,6.534495,74.66679
DSM,2024-02-19,28.0,0.0,6.34342,84.46092
DSM,2024-02-20,28.0,0.0,6.9759717,78.251175
DSM,2024-02-21,34.0,0.0,6.0007114,67.424904
DSM,2024-02-22,33.0,0.0,7.4251966,64.62735
DSM,2024-02-23,33.0,0.0,9.9512615,81.630455
DSM,2024-02-24,29.0,0.0,8.039045,72.10786
DSM,2024-02-25,31.0,0.0,3.8444757,78.42651
DSM,2024-02-26,36.0,0.0,9.320824,66.94042
DSM,2024-02-27,33.0,0.0001,9.32622,76.86922
DSM,2024-02-28,5.0,0.0,11.256783,63.95766
DSM,2024-02-29,15.0,0.0,10.546255,54.592003
DSM,2024-03-01,34.0,0.0,9.9105625,72.85219
DSM,2024-03-02,42.0,0.0,12.081752,85.16928
DSM,2024-03-03,48.0,0.0,15.113365,69.269226
DSM,2024-03-04,38.0,0.01,10.857891,79.27372
DSM,2024-03-05,34.0,0.0,4.7821784,75.362
DSM,2024-03-06,36.0,0.0,6.0055943,81.40082
DSM,2024-03-07,43.0,0.07,8.863558,92.645485
DSM,2024-03-08,42.0,0.16,10.764621,92.61395
DSM,2024-03-09,22.0,0.0,8.291269,74.25711
DSM,2024-03-10,25.0,0.0,4.8683276,68.07961
DSM,2024-03-11,37.0,0.0,12.450114,60.109863
DSM,2024-03-12,42.0,0.0,6.6099644,68.480316
DSM,2024-03-13,48.0,0.0001,5.625263,82.438446
DSM,2024-03-14,53.0,0.46,8.095342,96.403
DSM,2024-03-15,39.0,0.0,7.729807,78.77122
DSM,2024-03-16,36.0,0.0,13.335965,75.84226
DSM,2024-03-17,21.0,0.0,12.082726,68.80594
DSM,2024-03-18,12.0,0.0001,10.382418,61.945312
DSM,2024-03-19,30.0,0.0,10.698448,47.084305
DSM,2024-03-20,23.0,0.0,8.872534,46.389618
DSM,2024-03-21,19.0,0.0,9.139373,60.388374
DSM,2024-03-22,32.0,0.43,9.346514,92.287315
DSM,2024-03-23,29.0,0.0001,7.571326,75.45912
DSM,2024-03-24,39.0,0.51,10.194366,88.825165
DSM,2024-03-25,50.0,0.37,10.756565,86.17496
DSM,2024-03-26,46.0,0.37,15.463625,96.1611
DSM,2024-03-27,20.0,0.0,9.865328,71.3349
DSM,2024-03-28,33.0,0.0,5.284397,69.04303
DSM,2024-03-29,46.0,0.0001,9.296405,67.183876
DSM,2024-03-30,42.0,0.0,8.828802,82.509346
DSM,2024-03-31,45.0,0.0001,9.735915,82.78886
DSM,2024-04-01,47.0,0.07,11.53207,96.309044
DSM,2024-04-02,40.0,0.26,11.7698,96.17797
DSM,2024-04-03,35.0,0.0001,16.00616,79.02461
DSM,2024-04-04,30.0,0.0,8.797857,74.96806
DSM,2024-04-05,32.0,0.0,5.160969,88.583694
DSM,2024-04-06,35.0,0.04,15.882978,72.642365
DSM,2024-04-07,45.0,0.11,14.529716,79.437454
DSM,2024-04-08,41.0,0.0,10.924699,82.438446
DSM,2024-04-09,38.0,0.0,6.210601,82.150665
DSM,2024-04-10,38.0,0.0,3.677098,65.13339
DSM,2024-04-11,43.0,0.05,15.3293915,82.71959
DSM,2024-04-12,37.0,0.0,11.198462,70.41501
DSM,2024-04-13,48.0,0.0,8.791987,55.432976
DSM,2024-04-14,51.0,0.0,7.813475,62.48991
DSM,2024-04-15,39.0,0.0,11.630277,38.048283
DSM,2024-04-16,63.0,0.46,14.51391,93.236496
DSM,2024-04-17,51.0,0.01,13.475705,89.54945
DSM,2024-04-18,47.0,0.35,8.80493,92.7389
DSM,2024-04-19,32.0,0.0,9.716918,78.42651
DSM,2024-04-20,27.0,0.0,10.025129,63.58552
DSM,2024-04-21,27.0,0.0,7.233168,75.067375
DSM,2024-04-22,41.0,0.0,11.174188,52.76078
DSM,2024-04-23,42.0,0.0,8.282718,71.17694
DSM,2024-04-24,39.0,0.0,5.777143,76.309425
DSM,2024-04-25,43.0,0.0,12.916289,71.17694
DSM,2024-04-26,61.0,0.67,14.793103,93.693306
DSM,2024-04-27,61.0,0.14,8.1413355,89.96762
DSM,2024-04-28,62.0,0.23,7.5180817,93.15243
DSM,2024-04-29,53.0,0.0,9.65139,89.24132
DSM,2024-04-30,60.8,0.16,7.3578467,93.12406
DSM,2024-05-01,54.0,0.11,6.8133802,86.11859
DSM,2024-05-02,59.0,0.49,8.5710125,96.41831
DSM,2024-05-03,51.0,0.0,5.472535,100.0
DSM,2024-05-04,57.2,0.53,8.57764,89.80336
DSM,2024-05-05,47.0,0.0,4.6924715,92.58222
DSM,2024-05-06,60.0,0.02,11.1794195,78.22015
DSM,2024-05-07,61.0,0.86,9.837861,96.4786
DSM,2024-05-08,59.0,0.14,7.125461,86.77358
DSM,2024-05-09,57.0,0.01,6.942071,89.54945
DSM,2024-05-10,51.0,0.0,6.929964,92.86074
DSM,2024-05-11,44.0,0.0,6.2214866,71.17694
DSM,2024-05-12,59.0,0.1,7.7639704,80.90465
DSM,2024-05-13,61.0,0.23,4.564482,93.15243
DSM,2024-05-14,60.0,0.0,7.0363636,86.66759
DSM,2024-05-15,61.0,0.0001,6.068214,96.46368
DSM,2024-05-16,59.0,0.0,6.227208,93.12406
DSM,2024-05-17,56.0,0.0,5.954015,74.73801
DSM,2024-05-18,63.0,0.0,9.621044,75.47732
DSM,2024-05-19,60.0,0.74,8.108774,89.926926
DSM,2024-05-20,67.0,0.54,6.85036,96.55186
DSM,2024-05-21,70.0,1.58,11.715953,93.236496
DSM,2024-05-22,51.0,0.0,8.799273,80.07423
DSM,2024-05-23,58.0,0.0001,8.611756,77.3798
DSM,2024-05-24,66.0,0.29,10.25707,89.844795
DSM,2024-05-25,51.0,0.0001,7.93106,86.11859
DSM,2024-05-26,61.0,0.15,6.9768953,93.12406
DSM,2024-05-27,60.0,0.26,6.796838,92.92053
DSM,2024-05-28,52.0,0.0,6.91763,86.2867
DSM,2024-05-29,51.0,0.0,3.6448047,86.2867
DSM,2024-05-30,56.0,0.0,10.74216,66.82998
DSM,2024-05-31,56.0,0.0001,8.190209,67.63664
DSM,2024-06-01,60.0,0.0,3.6552217,80.83122
DSM,2024-06-02,64.0,0.0,8.898455,89.96762
DSM,2024-06-03,68.0,0.0,9.189797,81.40747
DSM,2024-06-04,69.0,0.63,6.353901,93.34623
DSM,2024-06-05,61.0,0.0001,7.902134,86.87835
DSM,2024-06-06,46.0,0.0,10.924299,48.122982
DSM,2024-06-07,58.0,0.02,3.9333334,60.46652
DSM,2024-06-08,65.0,0.0,6.8338127,75.835594
DSM,2024-06-09,53.0,0.0,6.208696,86.45185
DSM,2024-06-10,54.0,0.0,5.249799,66.59451
DSM,2024-06-11,59.0,0.0001,7.03125,59.80411
DSM,2024-06-12,62.0,0.0,7.834112,75.56758
DSM,2024-06-13,69.0,0.0,7.4331117,70.97356
DSM,2024-06-14,59.0,0.0,5.4320283,80.7574
DSM,2024-06-15,65.0,0.1,9.832896,84.155464
DSM,2024-06-16,70.0,0.13,10.380359,90.12802
DSM,2024-06-17,70.0,0.0,10.62531,73.87405
DSM,2024-06-18,70.0,0.22,13.163043,90.20681
DSM,2024-06-19,68.0,0.22,5.6692524,93.37325
DSM,2024-06-20,70.0,0.37,3.36887,96.58053
DSM,2024-06-21,74.0,0.0001,8.982009,90.39978
DSM,2024-06-22,74.0,0.0001,11.329555,76.18654
DSM,2024-06-23,68.0,0.0,5.574377,90.167534
DSM,2024-06-24,75.0,0.01,10.512698,81.54764
DSM,2024-06-25,78.8,1.13,9.516519,96.60884
DSM,2024-06-26,69.0,0.0,6.664539,93.37325
DSM,2024-06-27,69.0,0.01,6.2731214,81.61716
DSM,2024-06-28,73.0,1.29,10.195652,93.34623
DSM,2024-06-29,72.0,0.0,7.572388,96.6368
DSM,2024-06-30,54.0,0.0,6.1118326,77.721375
DSM,2024-07-01,53.0,0.0001,11.105645,74.925735
DSM,2024-07-02,75.0,1.85,5.9141107,96.53739
DSM,2024-07-03,70.0,0.0,4.5768404,96.65066
DSM,2024-07-04,68.0,0.02,5.617712,93.319046
DSM,2024-07-05,63.0,0.0,8.515103,86.98191
DSM,2024-07-06,66.0,0.0001,4.2739434,93.09552
DSM,2024-07-07,69.0,1.41,5.2228694,96.56624
DSM,2024-07-08,65.0,0.0,3.4624908,93.180626
DSM,2024-07-09,65.0,0.0,4.0511923,87.03324
DSM,2024-07-10,69.0,0.15,3.3733048,90.08828
DSM,2024-07-11,66.0,0.0,5.3067136,86.98191
DSM,2024-07-12,72.0,0.0,8.419149,86.98191
DSM,2024-07-13,74.0,0.0,8.972398,84.39787
DSM,2024-07-14,76.0,0.0,9.137608,76.61518
DSM,2024-07-15,77.0,0.0001,5.2427745,90.32327
DSM,2024-07-16,71.0,0.0001,5.4504952,87.38443
DSM,2024-07-17,63.0,0.0,5.655634,86.930275
DSM,2024-07-18,56.0,0.0,3.5771716,83.52506
DSM,2024-07-19,61.0,0.0001,5.8058324,72.52157
DSM,2024-07-20,64.0,0.14,4.171086,96.56624
DSM,2024-07-21,66.0,0.0,1.7376238,93.236496
DSM,2024-07-22,67.0,0.22,2.663411,87.08428
DSM,2024-07-23,68.0,0.0,4.236749,90.0483
DSM,2024-07-24,72.0,0.04,3.744253,87.33512
DSM,2024-07-25,71.0,0.0,8.665962,93.40011
DSM,2024-07-26,75.0,0.0,9.204432,90.28468
DSM,2024-07-27,72.0,0.0,8.650108,90.36164
DSM,2024-07-28,71.0,0.06,8.444526,90.28468
DSM,2024-07-29,73.0,0.49,4.3102455,100.0
DSM,2024-07-30,72.0,1.06,8.689741,93.34623
DSM,2024-07-31,78.0,3.55,9.1239,90.437706
DSM,2024-08-01,69.0,0.0,8.013514,87.18548
DSM,2024-08-02,72.0,0.0,6.0321903,90.20681
DSM,2024-08-03,72.0,0.0,3.9434628,93.40011
DSM,2024-08-04,76.0,0.0,7.53343,87.28552
DSM,2024-08-05,75.0,0.0,6.192226,79.39962
DSM,2024-08-06,73.0,0.0001,8.862446,87.23564
DSM,2024-08-07,62.0,0.0,3.842403,89.926926
DSM,2024-08-08,65.0,0.01,7.5049157,86.98191
DSM,2024-08-09,52.0,0.0,8.355409,80.22901
DSM,2024-08-10,56.0,0.0,4.7163763,80.305756
DSM,2024-08-11,60.0,0.0,3.4085014,86.56035
DSM,2024-08-12,64.0,0.53,7.3019524,96.56624
DSM,2024-08-13,65.0,0.0001,5.3923345,96.58053
DSM,2024-08-14,71.0,1.02,9.45764,96.58053
DSM,2024-08-15,72.0,0.1,6.256629,93.40011
DSM,2024-08-16,69.0,0.0,6.7813478,90.24586
DSM,2024-08-17,65.0,0.0,8.814235,90.00808
DSM,2024-08-18,65.0,0.0,4.3578715,93.20864
DSM,2024-08-19,64.0,0.0,5.286316,93.26418
DSM,2024-08-20,63.0,0.09,4.119497,89.80336
DSM,2024-08-21,63.0,0.05,7.2383275,93.236496
DSM,2024-08-22,58.0,0.0,8.404003,83.46003
DSM,2024-08-23,64.0,0.0,7.078746,80.533455
DSM,2024-08-24,72.0,0.0,8.639748,84.03221
DSM,2024-08-25,77.0,0.0,8.850871,81.61716
DSM,2024-08-26,78.0,0.0,6.3219514,87.5307
DSM,2024-08-27,74.0,0.08,5.521868,87.48222
DSM,2024-08-28,72.0,0.0,5.706309,94.05696
DSM,2024-08-29,73.0,0.89,8.527799,93.4268
DSM,2024-08-30,69.0,0.13,4.4774647,96.6368
DSM,2024-08-31,63.0,0.0,3.6391609,93.180626
DSM,2024-09-01,62.0,0.0,7.5244756,83.97006
DSM,2024-09-02,54.0,0.0,5.4291754,86.17496
DSM,2024-09-03,55.0,0.0,7.0726886,75.01887
DSM,2024-09-04,59.0,0.0,6.847659,77.3798
DSM,2024-09-05,66.0,0.0001,6.4238596,73.59218
DSM,2024-09-06,54.0,0.0,6.902439,86.2867
DSM,2024-09-07,49.0,0.0,3.3163922,89.37499
DSM,2024-09-08,52.0,0.0,5.011888,76.9423
DSM,2024-09-09,54.0,0.0,6.62028,74.356575
DSM,2024-09-10,52.0,0.0,8.840877,59.80411
DSM,2024-09-11,57.0,0.0,6.213287,72.11727
DSM,2024-09-12,59.0,0.0,6.9417267,83.65401
DSM,2024-09-13,64.0,0.0,7.152482,78.5439
DSM,2024-09-14,67.0,0.0,4.7846155,90.167534
DSM,2024-09-15,67.0,0.0,5.5732393,90.167534
DSM,2024-09-16,65.0,0.0,6.3420496,84.03221
DSM,2024-09-17,65.0,0.0,8.22386,84.03221
DSM,2024-09-18,66.0,0.0,8.701637,72.81946
DSM,2024-09-19,71.0,0.0001,8.19612,84.51706
DSM,2024-09-20,70.0,0.0,3.2634146,96.58053
DSM,2024-09-21,71.0,0.29,8.53149,87.18548
DSM,2024-09-22,63.0,0.31,6.5289197,93.0668
DSM,2024-09-23,59.0,0.0,3.9171975,83.7815
DSM,2024-09-24,60.0,0.0001,2.8529618,93.12406
DSM,2024-09-25,55.0,0.0,2.3937063,92.92053
DSM,2024-09-26,56.0,0.0,1.5071023,92.92053
DSM,2024-09-27,54.0,0.0,4.744039,89.63511
DSM,2024-09-28,58.0,0.0,7.1693835,77.721375
DSM,2024-09-29,57.0,0.0,4.2363634,86.56035
DSM,2024-09-30,62.0,0.0,7.511888,80.533455
DSM,2024-10-01,40.0,0.0,7.30703,61.191265
DSM,2024-10-02,42.0,0.0,7.7688823,68.13375
DSM,2024-10-03,46.0,0.0001,9.074101,74.065186
DSM,2024-10-04,54.0,0.2,9.28,77.551506
DSM,2024-10-05,61.0,0.0,9.211899,93.03791
DSM,2024-10-06,42.0,0.0,8.830614,61.32375
DSM,2024-10-07,41.0,0.0,2.2827783,85.59587
DSM,2024-10-08,42.0,0.0,3.1970444,68.480316
DSM,2024-10-09,46.0,0.0,3.2140017,61.191265
DSM,2024-10-10,47.0,0.0,4.7797203,79.91771
DSM,2024-10-11,56.0,0.0,5.7929826,66.712524
DSM,2024-10-12,54.0,0.0,4.7943463,77.46588
DSM,2024-10-13,49.0,0.0,10.673636,92.769646
DSM,2024-10-14,33.0,0.0,5.9455447,78.685776
DSM,2024-10-15,33.0,0.0001,7.137063,75.45912
DSM,2024-10-16,33.0,0.0,4.730769,92.25349
DSM,2024-10-17,29.0,0.0,10.336121,64.37064
DSM,2024-10-18,38.0,0.0,10.5,55.5801
DSM,2024-10-19,37.0,0.0,7.33986,67.781975
DSM,2024-10-20,47.0,0.0,7.503198,56.59323
DSM,2024-10-21,46.0,0.0001,7.5351315,63.48459
DSM,2024-10-22,52.0,0.06,8.271174,80.305756
DSM,2024-10-23,47.0,0.01,6.6160398,76.674034
DSM,2024-10-24,47.0,0.02,8.010963,75.93673
DSM,2024-10-25,48.0,0.0,7.2332153,82.99428
DSM,2024-10-26,33.0,0.0,5.5310106,81.85604
DSM,2024-10-27,44.0,0.0,8.387329,64.37064
DSM,2024-10-28,58.0,0.0,11.027347,77.29324
DSM,2024-10-29,59.0,0.0,15.9163265,61.24285
DSM,2024-10-30,63.0,1.76,10.9009905,100.0
DSM,2024-10-31,60.0,0.05,10.367252,100.0
DSM,2024-11-01,40.0,0.0,5.252265,88.6326
DSM,2024-11-02,47.0,0.8,7.5330796,92.769646
DSM,2024-11-03,60.0,0.6,8.329787,100.0
DSM,2024-11-04,61.0,0.21,6.756338,100.0
DSM,2024-11-05,51.0,0.1,6.8275614,100.0
DSM,2024-11-06,42.0,0.0,3.1893408,100.0
DSM,2024-11-07,44.0,0.0,1.4957924,100.0
DSM,2024-11-08,45.0,0.0,2.3885756,96.19473
DSM,2024-11-09,49.0,0.16,10.1125,100.0
DSM,2024-11-10,50.0,0.0,9.751511,96.356476
DSM,2024-11-11,42.0,0.0,6.617051,92.61395
DSM,2024-11-12,38.0,0.0,10.479548,85.536026
DSM,2024-11-13,44.0,0.42,7.5734267,100.0
DSM,2024-11-14,44.0,0.0001,7.704354,96.26069
DSM,2024-11-15,43.0,0.0,6.2942,100.0
DSM,2024-11-16,45.0,0.01,12.090909,82.438446
DSM,2024-11-17,45.0,0.0,3.6566012,89.28615
DSM,2024-11-18,60.0,0.5,11.618421,100.0
DSM,2024-11-19,51.0,0.0001,12.712774,96.372086
DSM,2024-11-20,30.0,0.0001,13.755309,81.7061
DSM,2024-11-21,28.0,0.0001,15.807656,81.55437
DSM,2024-11-22,30.0,0.0,6.053147,92.15066
DSM,2024-11-23,33.0,0.0,5.0599303,92.15066
DSM,2024-11-24,43.0,0.0,5.4989443,88.68119
DSM,2024-11-25,39.2,0.0,13.975705,88.96647
DSM,2024-11-26,25.0,0.0,6.205575,80.604866
DSM,2024-11-27,28.0,0.0,6.2585607,84.91722
DSM,2024-11-28,21.0,0.0001,12.133876,81.088165
DSM,2024-11-29,10.0,0.0001,10.102583,80.01833
DSM,2024-11-30,13.0,0.0,6.428171,83.98433
DSM,2024-12-01,13.0,0.0,5.9244757,83.98433
DSM,2024-12-02,20.0,0.03,6.8250895,91.866394
DSM,2024-12-03,22.0,0.0,7.3138947,91.528046
DSM,2024-12-04,31.0,0.0,15.848088,81.630455
DSM,2024-12-05,9.0,0.0,7.59927,70.29693
DSM,2024-12-06,18.0,0.0,7.425263,65.685875
DSM,2024-12-07,32.0,0.0,9.174729,71.669754
DSM,2024-12-08,43.0,0.0,9.733624,92.42049
DSM,2024-12-09,34.0,0.0,9.422713,92.25349
DSM,2024-12-10,30.0,0.01,8.792143,96.02206
DSM,2024-12-11,27.0,0.0001,13.946572,84.91722
DSM,2024-12-12,5.0,0.03,6.1407666,79.58372
DSM,2024-12-13,20.0,0.0001,11.842736,84.46092
DSM,2024-12-14,33.0,0.19,8.489753,100.0
DSM,2024-12-15,38.0,0.0,6.978215,100.0
DSM,2024-12-16,37.0,0.0,7.018677,100.0
DSM,2024-12-17,30.2,0.03,4.8454547,100.0
DSM,2024-12-18,30.0,0.0,7.6767607,96.02206
DSM,2024-12-19,34.0,0.0001,14.784754,88.43512
DSM,2024-12-20,20.0,0.0001,9.0817375,80.8487
DSM,2024-12-21,19.0,0.0,6.0272536,91.79295
DSM,2024-12-22,30.0,0.0,11.432412,91.829796
DSM,2024-12-23,32.0,0.0,8.531094,88.68119
DSM,2024-12-24,32.0,0.0001,4.4278746,92.287315
DSM,2024-12-25,35.0,0.0001,5.859342,100.0
DSM,2024-12-26,44.0,0.02,5.4738674,100.0
DSM,2024-12-27,47.0,0.59,6.2228613,100.0
DSM,2024-12-28,43.0,0.0,4.7896576,100.0
DSM,2024-12-29,38.0,0.0001,5.614634,100.0
DSM,2024-12-30,37.0,0.69,6.661324,100.0
DSM,2024-12-31,33.0,0.07,12.676852,100.0
DSM,2025-01-01,23.0,0.0001,7.871118,88.18114
DSM,2025-01-02,24.8,0.05,5.6487803,92.80228
DSM,2025-01-03,17.0,0.0,7.7056336,87.70293
DSM,2025-01-04,8.0,0.0,5.4458423,76.281494
DSM,2025-01-05,6.0,0.0001,11.597292,64.094666
DSM,2025-01-06,9.0,0.0,7.6007066,76.47972
DSM,2025-01-07,9.0,0.0,5.9832754,75.9797
DSM,2025-01-08,10.0,0.0,6.6328673,79.93247
DSM,2025-01-09,26.0,0.0,7.9066668,87.70293
DSM,2025-01-10,27.0,0.0001,8.472792,84.91722
DSM,2025-01-11,23.0,0.0,7.874648,84.32687
DSM,2025-01-12,30.0,0.0001,14.018626,81.78129
DSM,2025-01-13,12.0,0.0001,9.033959,79.40608
DSM,2025-01-14,17.0,0.0001,7.0140843,80.767914
DSM,2025-01-15,20.0,0.0,8.429078,75.77549
DSM,2025-01-16,27.0,0.0,9.687234,84.85323
DSM,2025-01-17,31.0,0.0,11.494845,81.47782
DSM,2025-01-18,12.0,0.0001,12.190828,73.73185
DSM,2025-01-19,-6.0,0.0001,10.653903,71.59362
DSM,2025-01-20,-5.0,0.0001,10.289927,67.929726
DSM,2025-01-21,-1.0,0.0,10.700681,70.11715
DSM,2025-01-22,28.0,0.03,10.280576,92.15066
DSM,2025-01-23,10.0,0.0001,9.47654,79.40608
DSM,2025-01-24,19.0,0.0,7.7599688,72.971
DSM,2025-01-25,22.0,0.0,9.517033,84.52733
DSM,2025-01-26,9.0,0.0,5.47629,79.846085
DSM,2025-01-27,17.0,0.0,9.151085,76.86922
DSM,2025-01-28,25.0,0.0,8.363479,77.43654
DSM,2025-01-29,25.0,0.0,6.2140865,74.66679
DSM,2025-01-30,44.0,0.0001,4.1265016,92.645485
DSM,2025-01-31,42.0,0.13,7.861972,96.21139
DSM,2025-02-01,33.0,0.0,10.790922,81.55437
DSM,2025-02-02,39.0,0.0,3.812676,100.0
DSM,2025-02-03,38.0,0.0,8.416961,88.91966
DSM,2025-02-04,14.0,0.0,10.008445,77.15537
DSM,2025-02-05,27.0,0.02,7.9308176,100.0
DSM,2025-02-06,27.0,0.0,9.635741,95.96797
DSM,2025-02-07,19.0,0.0,6.7120895,60.67091
DSM,2025-02-08,22.0,0.0001,9.911411,76.67561
DSM,2025-02-09,8.0,0.0,3.969166,76.080894
DSM,2025-02-10,15.0,0.0,5.493662,76.67561
DSM,2025-02-11,11.0,0.03,10.870267,83.33986
DSM,2025-02-12,9.0,0.32,9.642957,87.31116
DSM,2025-02-13,-2.0,0.0,7.374216,86.53362
DSM,2025-02-14,20.0,0.0001,10.632479,74.4631
DSM,2025-02-15,22.0,0.0001,9.657544,88.18114
DSM,2025-02-16,8.0,0.0001,13.746446,83.63084
DSM,2025-02-17,-5.0,0.01,7.818815,82.420685
DSM,2025-02-18,-7.0,0.0,7.773585,70.37046
DSM,2025-02-19,-5.0,0.0001,10.719133,71.82985
DSM,2025-02-20,1.0,0.0,7.5707316,82.65721
DSM,2025-02-21,3.0,0.0,6.641115,78.95223
DSM,2025-02-22,23.0,0.0,7.6666665,74.56523
DSM,2025-02-23,34.0,0.0,6.7763066,88.12936
DSM,2025-02-24,38.0,0.0001,7.343817,78.94063
DSM,2025-02-25,36.0,0.0001,7.7185717,96.05751
DSM,2025-02-26,38.0,0.0,10.252282,78.94063
DSM,2025-02-27,31.0,0.0,10.425968,72.642365
DSM,2025-02-28,31.0,0.0,12.948769,63.18435
DSM,2025-03-01,18.0,0.0,6.437895,70.64859
DSM,2025-03-02,18.0,0.0,7.6182456,70.41479
DSM,2025-03-03,42.0,0.0001,9.250186,61.32375
DSM,2025-03-04,51.0,1.49,9.7010145,100.0
DSM,2025-03-05,31.0,0.31,16.811954,92.80228
DSM,2025-03-06,33.0,0.16,6.3931866,96.075066
DSM,2025-03-07,35.6,0.02,9.64088,100.0
DSM,2025-03-08,28.0,0.0,7.2505264,88.334496
DSM,2025-03-09,30.0,0.0,6.234843,78.16274
DSM,2025-03-10,31.0,0.0,6.4857144,69.62508
DSM,2025-03-11,37.0,0.0,8.700854,78.77122
DSM,2025-03-12,37.0,0.0,5.374642,69.39407
DSM,2025-03-13,47.0,0.0,9.100351,76.21702
DSM,2025-03-14,51.0,0.15,13.151206,80.22901
DSM,2025-03-15,39.0,0.0,12.832696,85.47583
DSM,2025-03-16,19.0,0.0,11.251317,68.07961
DSM,2025-03-17,34.0,0.0,12.047147,41.76037
DSM,2025-03-18,41.0,0.0,6.6125174,70.30391
DSM,2025-03-19,40.0,0.02,16.856766,92.287315
DSM,2025-03-20,23.0,0.0,10.5954895,74.8682
DSM,2025-03-21,40.0,0.01,14.324828,73.16274
DSM,2025-03-22,32.0,0.0,7.888889,72.21591
DSM,2025-03-23,42.0,0.09,12.332947,92.61395
DSM,2025-03-24,31.0,0.0,7.2379913,71.669754
DSM,2025-03-25,35.0,0.0001,4.5832148,79.02461
DSM,2025-03-26,38.0,0.0001,4.0324206,92.15066
DSM,2025-03-27,50.0,0.01,9.721555,86.230995
DSM,2025-03-28,55.0,0.0,14.257303,86.17496
DSM,2025-03-29,57.0,0.35,9.371223,86.66759
DSM,2025-03-30,57.0,0.06,13.010724,96.403
DSM,2025-03-31,31.0,0.0001,7.1841726,85.16928
DSM,2025-04-01,36.0,0.01,13.203187,70.52554
DSM,2025-04-02,53.0,0.78,13.386534,100.0
DSM,2025-04-03,35.0,0.0,7.9065638,78.685776
DSM,2025-04-04,39.0,0.0001,6.5825176,81.93035
DSM,2025-04-05,37.0,0.0,11.084133,82.07766
DSM,2025-04-06,24.0,0.0,3.9807005,74.36039
DSM,2025-04-07,29.0,0.0,9.944735,67.062454
DSM,2025-04-08,25.0,0.0,7.1965814,57.53108
DSM,2025-04-09,37.0,0.0,6.7303853,59.833435
DSM,2025-04-10,43.0,0.01,8.781803,79.02461
DSM,2025-04-11,40.0,0.0,4.9142056,79.35582
DSM,2025-04-12,41.0,0.0,9.943623,82.150665
DSM,2025-04-13,51.0,0.0,10.1189785,59.399784
DSM,2025-04-14,42.0,0.0001,17.130434,65.0078
DSM,2025-04-15,32.0,0.0,11.8432255,72.642365
DSM,2025-04-16,34.0,0.0,9.955039,52.76078
DSM,2025-04-17,62.0,0.63,10.924315,93.15243
DSM,2025-04-18,61.0,0.0001,9.992296,100.0
DSM,2025-04-19,32.0,0.0,7.22851,69.967125
DSM,2025-04-20,51.0,0.97,9.605492,100.0
DSM,2025-04-21,46.0,0.0,9.687794,92.645485
DSM,2025-04-22,55.0,0.03,6.943478,89.54945
DSM,2025-04-23,56.0,0.01,7.30898,86.50626
DSM,2025-04-24,60.0,0.27,7.0387077,96.4786
DSM,2025-04-25,57.0,0.49,8.832491,100.0
DSM,2025-04-26,45.0,0.0,8.614184,85.88974
DSM,2025-04-27,53.0,0.0,12.521947,80.38208
DSM,2025-04-28,65.0,0.0,15.471564,89.926926
DSM,2025-04-29,51.0,0.0,9.392598,79.83878
DSM,2025-04-30,53.0,0.0001,9.005054,89.63511
DSM,2025-05-01,58.0,0.02,5.480726,100.0
DSM,2025-05-02,48.0,0.18,4.772857,92.769646
DSM,2025-05-03,44.0,0.0,5.393768,85.77325
DSM,2025-05-04,45.0,0.0,1.6587983,92.61395
DSM,2025-05-05,47.0,0.0,5.562989,82.78886
DSM,2025-05-06,49.0,0.0,4.137784,86.06188
DSM,2025-05-07,56.0,0.1,4.725347,80.68316
DSM,2025-05-08,53.0,0.0,8.654225,74.925735
DSM,2025-05-09,43.0,0.0,3.910393,73.86835
DSM,2025-05-10,48.0,0.0,5.764912,61.455647
DSM,2025-05-11,43.0,0.0,8.2077465,57.299213
DSM,2025-05-12,50.0,0.0,5.341309,66.116776
DSM,2025-05-13,60.0,0.0,6.337063,75.01887
DSM,2025-05-14,61.0,0.0,9.066667,83.73179
DSM,2025-05-15,66.0,0.0,12.0,87.15519
DSM,2025-05-16,46.0,0.0001,12.3684845,61.45517
DSM,2025-05-17,41.0,0.0,12.265122,73.561104
DSM,2025-05-18,42.0,0.0,7.2539005,82.21388
DSM,2025-05-19,58.0,3.84,12.434005,96.48119
DSM,2025-05-20,60.0,1.1,7.4179344,100.0
DSM,2025-05-21,48.0,0.0,12.817535,86.17594
DSM,2025-05-22,46.0,0.0,8.158811,89.10118
DSM,2025-05-23,48.0,0.0001,3.5517986,89.1934
DSM,2025-05-24,50.0,0.01,5.765493,86.28951
DSM,2025-05-25,50.0,0.02,8.36772,80.234276
DSM,2025-05-26,53.0,0.04,7.8081264,86.457565
DSM,2025-05-27,53.0,0.06,6.241115,89.63917
DSM,2025-05-28,53.0,0.0001,4.700211,92.95269
DSM,2025-05-29,54.0,0.0,4.4750175,92.89224
DSM,2025-05-30,50.0,0.0,7.126087,83.0637
DSM,2025-05-31,54.0,0.0,3.0610194,74.55485
DSM,2025-06-01,54.0,0.0,5.8937807,74.8438
DSM,2025-06-02,62.0,0.0,7.993133,80.77269
DSM,2025-06-03,69.0,0.34,8.136154,96.48119
DSM,2025-06-04,54.0,0.0,5.8679776,96.388504
DSM,2025-06-05,58.0,0.0001,3.5469847,89.68238
DSM,2025-06-06,59.0,0.0001,2.7217515,75.222694
DSM,2025-06-07,63.0,0.0001,4.602376,81.07187
DSM,2025-06-08,60.0,0.02,8.868764,96.48119
DSM,2025-06-09,49.0,0.0,9.350877,77.20994
DSM,2025-06-10,55.0,0.0,6.3992906,82.994934
DSM,2025-06-11,67.0,0.0,7.068376,69.94406
DSM,2025-06-12,66.2,0.0001,6.1469965,84.05295
DSM,2025-06-13,68.0,0.0,6.021112,93.24476
DSM,2025-06-14,68.0,0.0001,5.8423715,93.3292
DSM,2025-06-15,70.0,0.11,4.780664,93.41222
DSM,2025-06-16,69.0,0.2,6.832849,96.61426
DSM,2025-06-17,70.0,0.02,3.0661922,90.18272
DSM,2025-06-18,67.0,0.05,5.2483754,96.5412
DSM,2025-06-19,63.0,0.06,6.688513,96.5412
DSM,2025-06-20,75.0,0.31,11.422008,93.3292
DSM,2025-06-21,72.0,0.0,14.797468,76.66836
DSM,2025-06-22,72.0,0.0,13.162839,81.79396
DSM,2025-06-23,74.0,1.13,8.958202,100.0
DSM,2025-06-24,71.0,0.08,5.2458305,96.67121
DSM,2025-06-25,74.0,1.7,7.647676,100.0
DSM,2025-06-26,74.0,0.39,6.9803586,96.68524
DSM,2025-06-27,70.0,0.0,4.734205,96.55598
DSM,2025-06-28,73.0,0.0,6.898182,87.20687
DSM,2025-06-29,72.0,0.0001,4.6723,93.49386
DSM,2025-06-30,71.0,0.0001,4.964635,96.67121
DSM,2025-07-01,62.0,0.0,5.2199435,83.92549
DSM,2025-07-02,67.0,0.0,5.372535,83.98939
DSM,2025-07-03,72.0,0.0,6.931228,84.17909
DSM,2025-07-04,72.0,0.0,8.714286,84.4888
DSM,2025-07-05,75.0,0.63,7.862143,96.71307
DSM,2025-07-06,71.0,0.0,4.9958043,100.0
DSM,2025-07-07,70.0,0.01,2.7629893,90.26294
DSM,2025-07-08,69.0,0.86,4.4465117,96.58529
DSM,2025-07-09,70.0,0.0,3.4611583,96.58529
DSM,2025-07-10,73.0,0.25,7.42954,90.342285
DSM,2025-07-11,74.0,2.07,7.244804,96.6571
DSM,2025-07-12,66.0,0.0,6.3317075,96.58529
DSM,2025-07-13,64.0,0.0,2.4765682,96.52633
DSM,2025-07-14,69.0,0.0,6.101124,90.10161
DSM,2025-07-15,70.0,0.0,7.303887,84.365875
DSM,2025-07-16,70.0,0.03,9.882259,90.22294
DSM,2025-07-17,63.0,0.0,6.902899,84.05295
DSM,2025-07-18,72.0,0.0,6.7965155,89.978264
DSM,2025-07-19,76.0,1.26,5.965,96.599815
DSM,2025-07-20,77.0,2.77,6.9528794,100.0
DSM,2025-07-21,75.0,0.0001,8.007048,100.0
DSM,2025-07-22,77.0,0.27,7.674947,96.68524
DSM,2025-07-23,76.0,0.0,9.5816,93.6006
DSM,2025-07-24,74.0,0.62,5.3393126,96.6429
DSM,2025-07-25,73.0,0.01,4.724912,96.68524
DSM,2025-07-26,75.0,0.1,4.031579,96.699196
DSM,2025-07-27,80.0,0.0,4.064935,96.68524
DSM,2025-07-28,79.0,0.44,7.080097,90.30272
DSM,2025-07-29,79.0,0.58,6.378971,93.4668
DSM,2025-07-30,72.0,0.72,7.0486565,96.6429
DSM,2025-07-31,67.0,0.0,8.826667,87.15519
DSM,2025-08-01,56.0,0.0,6.8044415,75.128654
DSM,2025-08-02,62.0,0.0,6.581215,89.85287
DSM,2025-08-03,58.0,0.0,6.4307694,83.535034
DSM,2025-08-04,61.0,0.0,4.300356,86.892624
DSM,2025-08-05,66.0,0.0,5.981159,86.78561
DSM,2025-08-06,69.0,0.3,6.4203415,100.0
DSM,2025-08-07,71.0,1.21,8.721228,96.67121
DSM,2025-08-08,76.0,0.0,10.7260275,87.410866
DSM,2025-08-09,75.0,0.1,8.128915,93.49386
DSM,2025-08-10,74.0,0.0001,6.5555553,90.49842
DSM,2025-08-11,73.0,0.04,3.11777,100.0
DSM,2025-08-12,70.0,0.01,2.7791843,100.0
DSM,2025-08-13,64.0,0.0,3.6364932,86.945694
DSM,2025-08-14,69.0,0.0001,8.085569,83.92549
DSM,2025-08-15,76.0,0.0,8.660392,81.79396
DSM,2025-08-16,76.0,0.0,8.745763,87.410866
DSM,2025-08-17,74.0,0.0,6.529889,87.56105
DSM,2025-08-18,74.0,0.13,5.4878917,93.4668
DSM,2025-08-19,72.0,0.0,3.0875707,96.67121
DSM,2025-08-20,72.0,0.0,5.106993,93.49386
DSM,2025-08-21,69.0,0.0,6.2854137,93.3847
DSM,2025-08-22,67.0,0.04,3.4265735,90.01961
DSM,2025-08-23,69.0,0.04,7.3727546,100.0
DSM,2025-08-24,55.0,0.0,6.9577575,96.40418
DSM,2025-08-25,50.0,0.0,5.2836366,92.769226
DSM,2025-08-26,53.0,0.0,2.3179524,100.0
DSM,2025-08-27,57.0,0.0,7.328114,72.64307
DSM,2025-08-28,61.0,0.0,2.490701,89.8106
DSM,2025-08-29,63.0,0.0,2.2352529,89.8949
DSM,2025-08-30,64.0,0.0,4.9385157,90.10161
DSM,2025-08-31,65.0,0.09,6.111032,96.57068
DSM,2025-09-01,65.0,0.0,5.4064283,93.30121
DSM,2025-09-02,59.0,0.0,2.5137482,93.01244
DSM,2025-09-03,63.0,0.5,5.9044223,96.52633
DSM,2025-09-04,52.0,0.0,6.7050877,92.67508
DSM,2025-09-05,49.0,0.0,9.270059,79.91786
DSM,2025-09-06,45.0,0.0,5.360402,85.94504
DSM,2025-09-07,47.0,0.0,3.5107968,96.259674
DSM,2025-09-08,52.0,0.0,8.701389,74.35989
DSM,2025-09-09,60.0,0.0,7.3736424,78.24357
DSM,2025-09-10,62.0,0.0,3.2238696,89.8106
DSM,2025-09-11,62.0,0.0,6.28165,86.78561
DSM,2025-09-12,67.0,0.0001,9.486631,70.27102
DSM,2025-09-13,67.0,0.0,6.8649125,90.18272
DSM,2025-09-14,68.0,0.0,5.4713287,87.051
DSM,2025-09-15,67.0,0.0001,5.539271,81.36507
DSM,2025-09-16,69.0,0.0001,4.7126355,87.15519
DSM,2025-09-17,68.0,0.54,4.8539405,93.357025
DSM,2025-09-18,66.0,0.04,4.8930864,96.58529
DSM,2025-09-19,64.0,0.43,5.5885234,96.57068
DSM,2025-09-20,63.0,0.03,4.2353783,93.21629
DSM,2025-09-21,64.0,0.0,3.6464012,100.0
DSM,2025-09-22,67.0,0.13,6.5743003,96.58529
DSM,2025-09-23,62.0,0.09,3.9722638,96.5412
DSM,2025-09-24,60.0,0.0,4.8357897,93.12993
DSM,2025-09-25,58.0,0.0,1.676513,96.43526
DSM,2025-09-26,58.0,0.0,4.790896,77.5613
DSM,2025-09-27,59.0,0.0,5.2814035,80.46738
DSM,2025-09-28,64.0,0.0,4.53211,73.44134
DSM,2025-09-29,62.0,0.0,6.5263157,78.07551
DSM,2025-09-30,59.0,0.0,3.7708778,83.535034
DSM,2025-10-01,62.0,0.0,5.4808784,78.07551
DSM,2025-10-02,60.0,0.0,6.199569,83.535034
DSM,2025-10-03,62.0,0.0,6.0195804,80.923035
DSM,2025-10-04,62.0,0.0,8.842202,83.98939
DSM,2025-10-05,66.0,0.06,10.030728,93.3292
DSM,2025-10-06,66.0,0.92,5.2558804,100.0
DSM,2025-10-07,53.0,0.07,4.136896,92.95269
DSM,2025-10-08,47.0,0.0,4.402143,92.769226
DSM,2025-10-09,47.0,0.06,9.963498,61.05199
DSM,2025-10-10,59.0,0.19,6.9860296,87.83587
DSM,2025-10-11,57.0,0.0,6.3987823,89.8106
DSM,2025-10-12,61.0,0.0001,11.938211,93.07152
DSM,2025-10-13,57.0,0.0,9.104522,70.27102
DSM,2025-10-14,53.0,0.11,7.9251413,86.17594
DSM,2025-10-15,66.0,0.03,4.9596653,89.72536
DSM,2025-10-16,62.0,0.05,9.150774,93.18767
DSM,2025-10-17,64.0,0.0001,7.9969764,96.55598
DSM,2025-10-18,61.0,0.05,6.4272265,96.51137
DSM,2025-10-19,46.0,0.0,10.233571,86.06112
DSM,2025-10-20,44.0,0.0001,9.996708,66.358116
DSM,2025-10-21,36.0,0.0,11.680716,70.17683
DSM,2025-10-22,33.0,0.0,7.8687944,78.671524
DSM,2025-10-23,37.0,0.0,2.5413966,92.281456
DSM,2025-10-24,39.0,0.0001,6.245467,88.77003
DSM,2025-10-25,42.0,0.0,8.578245,79.51311
DSM,2025-10-26,42.0,0.0,8.618947,65.868706
DSM,2025-10-27,43.0,0.0001,8.192945,70.73556
DSM,2025-10-28,47.0,0.58,5.270232,96.30871
DSM,2025-10-29,47.0,0.15,9.071014,96.30871
DSM,2025-10-30,40.0,0.0,4.5829816,100.0
DSM,2025-10-31,36.0,0.0,8.562149,92.38249
DSM,2025-11-01,41.0,0.1,6.7966104,96.20975
DSM,2025-11-02,38.0,0.0,6.9324327,96.158905
DSM,2025-11-03,37.0,0.0,4.4875364,85.40656
DSM,2025-11-04,47.0,0.0001,7.4102564,79.837746
DSM,2025-11-05,45.0,0.0,7.6654854,84.96875
DSM,2025-11-06,47.0,0.0,8.140148,82.994934
DSM,2025-11-07,44.0,0.0,9.612749,85.221016
DSM,2025-11-08,37.0,0.32,5.929617,100.0
DSM,2025-11-09,22.0,0.0001,13.760384,81.15067
DSM,2025-11-10,19.0,0.0,7.125605,84.17694
DSM,2025-11-11,36.0,0.0,10.817376,67.648926
DSM,2025-11-12,34.0,0.0,5.2425995,78.671524
DSM,2025-11-13,42.0,0.0,6.348402,81.76806
DSM,2025-11-14,56.0,0.0,7.606322,92.80025
DSM,2025-11-15,54.0,0.0,9.694054,75.03416
DSM,2025-11-16,25.0,0.0,3.3500729,69.13772
DSM,2025-11-17,34.0,0.11,9.980974,65.11864
DSM,2025-11-18,40.0,0.01,7.115942,96.1929
DSM,2025-11-19,43.0,0.03,4.637762,100.0
DSM,2025-11-20,44.0,0.0,3.8638268,100.0
DSM,2025-11-21,40.0,0.0001,5.6745644,96.1929
DSM,2025-11-22,44.0,0.0,6.6947446,96.0187
DSM,2025-11-23,44.0,0.0,5.178322,100.0
DSM,2025-11-24,49.0,0.23,6.4083624,100.0
DSM,2025-11-25,51.0,0.0001,7.6294737,100.0
DSM,2025-11-26,25.0,0.0001,16.735083,80.99208
DSM,2025-11-27,20.0,0.0,8.668342,91.71081
DSM,2025-11-28,22.0,0.09,6.4009795,91.93129
DSM,2025-11-29,28.4,0.61,10.79763,100.0
DSM,2025-11-30,14.0,0.0001,9.751434,87.69208
DSM,2025-12-01,19.0,0.02,3.1310105,95.77553
DSM,2025-12-02,26.0,0.0,6.98675,91.6355
DSM,2025-12-03,30.0,0.0001,8.511498,88.57473
DSM,2025-12-04,8.0,0.0,5.9672475,78.67038
DSM,2025-12-05,31.0,0.0,8.827222,85.15848
DSM,2025-12-06,29.0,0.12,7.7166195,95.90891
DSM,2025-12-07,22.0,0.0001,7.5003486,95.8714
DSM,2025-12-08,23.0,0.0,6.9219513,88.22189
DSM,2025-12-09,35.0,0.0001,7.5357966,92.07388
DSM,2025-12-10,33.0,0.0001,14.397494,78.84335
DSM,2025-12-11,20.0,0.09,6.3156796,91.85869
DSM,2025-12-12,22.0,0.0001,7.3381295,88.1703
DSM,2025-12-13,5.0,0.25,8.343242,84.79554
DSM,2025-12-14,3.0,0.0,7.303983,74.50184
DSM,2025-12-15,25.0,0.0,7.942704,84.57956
DSM,2025-12-16,33.0,0.0,6.660351,88.1703
DSM,2025-12-17,43.0,0.0,7.46793,88.5252
DSM,2025-12-18,44.6,0.12,14.677305,93.39709
DSM,2025-12-19,18.0,0.0,10.648177,66.53601
DSM,2025-12-20,26.0,0.0,10.006154,68.4203
DSM,2025-12-21,21.0,0.0,6.286026,84.1085
DSM,2025-12-22,37.0,0.0,8.348572,88.818146
DSM,2025-12-23,38.0,0.0,4.643759,92.44886
DSM,2025-12-24,43.0,0.0001,4.081533,100.0
DSM,2025-12-25,45.0,0.03,6.1972127,100.0
DSM,2025-12-26,46.0,0.01,5.670706,100.0
DSM,2025-12-27,47.0,0.0001,8.302128,100.0
DSM,2025-12-28,46.4,0.18,11.261155,100.0
DSM,2025-12-29,8.0,0.01,14.211221,85.035706
DSM,2025-12-30,30.2,0.0,6.8699646,83.47448
DSM,2025-12-31,35.0,0.0,9.046458,88.57473
